tau,status,run,steps,final_energy_eV,final_raw_fmax_eV_A,final_projected_fmax_eV_A
tau00,MISSING,,,,,
tau01,MISSING,,,,,
tau02,MISSING,,,,,
tau03,MISSING,,,,,
tau04,MISSING,,,,,
tau05,MISSING,,,,,
tau06,MISSING,,,,,
tau07,MISSING,,,,,
tau08,MISSING,,,,,
tau09,MISSING,,,,,
tau10,MISSING,,,,,
tau11,MISSING,,,,,
tau12,MISSING,,,,,
tau13,MISSING,,,,,
tau14,MISSING,,,,,
tau15,MISSING,,,,,
tau16,MISSING,,,,,
tau17,MISSING,,,,,
tau18,MISSING,,,,,
tau19,MISSING,,,,,
tau20,MISSING,,,,,
tau21,MISSING,,,,,
tau22,MISSING,,,,,
tau23,MISSING,,,,,
tau24,MISSING,,,,,
tau25,MISSING,,,,,
tau26,MISSING,,,,,
tau27,MISSING,,,,,
tau28,MISSING,,,,,
tau29,MISSING,,,,,
tau30,MISSING,,,,,
tau31,MISSING,,,,,
tau32,MISSING,,,,,
tau33,MISSING,,,,,
tau34,MISSING,,,,,
tau35,MISSING,,,,,
tau36,MISSING,,,,,
tau37,CONVERGED,stage_c_attempt01,34,-15499.35193335721,0.06799794062891075,0.00892070076667085
tau38,MISSING,,,,,
tau39,MISSING,,,,,
tau40,MISSING,,,,,
tau41,MISSING,,,,,
tau42,MISSING,,,,,
tau43,MISSING,,,,,
tau44,MISSING,,,,,
tau45,MISSING,,,,,
tau46,MISSING,,,,,
tau47,MISSING,,,,,
tau48,MISSING,,,,,
tau49,MISSING,,,,,
tau50,MISSING,,,,,
tau51,MISSING,,,,,
tau52,MISSING,,,,,
tau53,MISSING,,,,,
tau54,MISSING,,,,,
tau55,MISSING,,,,,
tau56,MISSING,,,,,
tau57,MISSING,,,,,
tau58,MISSING,,,,,
tau59,MISSING,,,,,
tau60,MISSING,,,,,
tau61,MISSING,,,,,
tau62,MISSING,,,,,
tau63,MISSING,,,,,
tau64,MISSING,,,,,
tau65,MISSING,,,,,
tau66,MISSING,,,,,
tau67,MISSING,,,,,
tau68,MISSING,,,,,
tau69,MISSING,,,,,
tau70,MISSING,,,,,
tau71,MISSING,,,,,
tau72,MISSING,,,,,
tau73,MISSING,,,,,
tau74,MISSING,,,,,
tau75,MISSING,,,,,
tau76,MISSING,,,,,
tau77,MISSING,,,,,
tau78,MISSING,,,,,
tau79,MISSING,,,,,
tau80,MISSING,,,,,
tau81,MISSING,,,,,
tau82,MISSING,,,,,
tau83,MISSING,,,,,
tau84,MISSING,,,,,
tau85,MISSING,,,,,
tau86,MISSING,,,,,
tau87,MISSING,,,,,
tau88,MISSING,,,,,
tau89,MISSING,,,,,
tau90,MISSING,,,,,
tau91,MISSING,,,,,
tau92,MISSING,,,,,
tau93,MISSING,,,,,
tau94,MISSING,,,,,
tau95,MISSING,,,,,
tau96,MISSING,,,,,
tau97,MISSING,,,,,
tau98,MISSING,,,,,
tau99,MISSING,,,,,
