tau,status,source_file,energy_eV,max_force_eV_A,stress_present,source_sha256
tau00,CONVERGED,sto_bi_tau00.scf.out,-15500.723239074105,0.022235377183619953,True,8c15e090b34fd47694ec9e2ff6588695542be57acf98ebd300a516ec5891be2f
tau01,CONVERGED,sto_bi_tau01.scf.out,-15500.494350382665,1.0270754614093343,True,523ff56f08911a4512d8e603c052423562c59af4d68304b2a73f2055780c9e1a
tau02,CONVERGED,sto_bi_tau02.scf.out,-15499.787637681844,2.1234812763959825,True,031d3eaba2485415cd6f0e677b4605b5d81f5df3d9b545f461428c95795e187a
tau03,CONVERGED,sto_bi_tau03.scf.out,-15498.682993866789,3.176143331872546,True,11948a3e5013b6baf6fd3f67f2b79b7a6c76fb1a99c23f2d3022217189948d01
tau04,CONVERGED,sto_bi_tau04.scf.out,-15497.565970368703,4.671501645114071,True,b942a5c54f97413e03909f8a0118462ecbdfec017950260ffc9b12772d3e6e26
tau05,CONVERGED,sto_bi_tau05.scf.out,-15497.072079533777,5.369718104711307,True,27fbb82759bb001a9596361c5b80e0922f6c6cdd30fdaf60e321b74b106c9e6d
tau06,CONVERGED,sto_bi_tau06.scf.out,-15497.565796215844,4.671106525937698,True,6bbd9a80615b0bf634d65ee6f37b07402db1e9e0be2cd7016b2e1481d0274ef0
tau07,CONVERGED,sto_bi_tau07.scf.out,-15498.68277563149,3.176251571050981,True,f1eea7cd7eb3b097fde60b131145743ccd997658f9b2d8a254bac093bf173fec
tau08,CONVERGED,sto_bi_tau08.scf.out,-15499.787482985126,2.123534409730909,True,4fd16ec63434cfe9703cbf9b812acc75a643b180d61e3b33ef43edfe2227c0d5
tau09,CONVERGED,sto_bi_tau09.scf.out,-15500.494291606075,1.0271584399901632,True,9ee27b50d93fe19faf5eada08112767e5ea246090dd9098829b9b19884db50ff
tau10,CONVERGED,sto_bi_tau10.scf.out,-15500.494033642157,1.0296428842066154,True,e8de638d3562927019cf424c876d2d91c46f1d9b5e3e4bad8e8e2af65cb4cc04
tau11,CONVERGED,sto_bi_tau11.scf.out,-15500.272137323967,0.9962637928861128,True,80602ff2b03c81ea714c4a1fb7f26be69c9f72ea0fbd68c948261aeacb4bcd47
tau12,CONVERGED,sto_bi_tau12.scf.out,-15499.601823930778,1.9794572515185433,True,92a52d328d345d1ca36e6fec154a6fddc20995464bde2aa06f3b58e38e9dcf5e
tau13,CONVERGED,sto_bi_tau13.scf.out,-15498.57820160301,3.2401502981936976,True,92c26f52f33fe83624b477328c0a4b1ff6405e97f047c60d292bb4efff91de5f
tau14,CONVERGED,sto_bi_tau14.scf.out,-15497.559398003157,4.580700315284266,True,80355c2c7745bb287c6d086f739764fc91aafc9a5924e8aeb802d76eca125ff3
tau15,CONVERGED,sto_bi_tau15.scf.out,-15497.11313226016,5.161805116626388,True,11e77dd8b029ef012d72e863875a49f601d579003953d99157ccf1d078c02b87
tau16,CONVERGED,sto_bi_tau16.scf.out,-15497.559233102169,4.581699343649323,True,07fa0a8e7266b55bc30a77c4c0b52876af877164cff8ab6ab450d6c1e7aa4d2b
tau17,CONVERGED,sto_bi_tau17.scf.out,-15498.577985680678,3.241725191225099,True,364526340db26c888a7749984dc9a17738403341ccfcdbdc10cb59b04a9b2a3f
tau18,CONVERGED,sto_bi_tau18.scf.out,-15499.601658621621,1.9793994318797985,True,8ffdffb65822830b403858e85dba8875f654a2a245fd854a90d4d0bfe6f90e0d
tau19,CONVERGED,sto_bi_tau19.scf.out,-15500.27206262872,0.9967473917700498,True,994989fe5388dfc5277f01919f197fff36402fbf42ff05cf8a61f74f38312027
tau20,CONVERGED,sto_bi_tau20.scf.out,-15499.786265547813,2.129562545093016,True,0b54bbcc6dabdb99276d665d49ba99330052a613f8b354e96d1a2f2a00cbc67e
tau21,CONVERGED,sto_bi_tau21.scf.out,-15499.600771666563,1.9854925537549413,True,08c732abd8463f3424e3b443911dc8abb8f343568d78275c959cea70da3ffeac
tau22,CONVERGED,sto_bi_tau22.scf.out,-15499.05246051293,2.6485215510214193,True,85d697d4b1a315b311e1476b7bcae9517b7d91af0f12cbd09ebcc47e06ab300a
tau23,CONVERGED,sto_bi_tau23.scf.out,-15498.235342248014,3.715277451273366,True,e92edbcb5fccb80abde10e084e9cc17582a329eecb1c1873f4b45051fe2ee621
tau24,CONVERGED,sto_bi_tau24.scf.out,-15497.436502141749,4.687482327785476,True,42bd78d25be0b0a656b23025c1b17bba99c7ff60e9d2334b7d991dce41ce197b
tau25,CONVERGED,sto_bi_tau25.scf.out,-15497.090498103174,5.095997242001715,True,955f0f5b70c9b32ae42d32105fd79b367b638217f8c7de041c6517c364ccac12
tau26,CONVERGED,sto_bi_tau26.scf.out,-15497.436349621943,4.688639555960184,True,a95c78f262ad01878bf91467fa54029596560a223739855e3ebf54686905ff5c
tau27,CONVERGED,sto_bi_tau27.scf.out,-15498.235126189624,3.7153834117891638,True,4777df6027e508465acdbe96aab986098798e029ddfa0d8e7c28887e636b8aa3
tau28,CONVERGED,sto_bi_tau28.scf.out,-15499.052275611579,2.6485064683066804,True,4c56aa8ba97af2896b6e4750956ead8077b7185e56529afacc4b98dd6467fa89
tau29,CONVERGED,sto_bi_tau29.scf.out,-15499.600670984444,1.9855158029683149,True,f23c3bd17d8d07a8bdb973934abce03821453cf1f06cc289696b18fe585b8407
tau30,CONVERGED,sto_bi_tau30.scf.out,-15498.679914490533,3.186902988325412,True,3b38873b163c79168341b087969ed2b8fed32fe0eb8ee2cf7f3cc745fc6cc92a
tau31,CONVERGED,sto_bi_tau31.scf.out,-15498.575424409175,3.2362339251623142,True,a1914e5f27661cc8a2d6025978811a5e2bd3df66a97e1bb1e15eeaa6a7f47324
tau32,CONVERGED,sto_bi_tau32.scf.out,-15498.233658543635,3.7133876631409586,True,b73b5a7c6c1e1e7cdc5aa36727f38e52809740358c9a50fc3e42a85ddebc30ce
tau33,CONVERGED,sto_bi_tau33.scf.out,-15497.667605975894,4.53365689926031,True,e8ffdfa9770d731063a634797dfa7da32f60c3419af32ab78ab82dc1fadf9578
tau34,CONVERGED,sto_bi_tau34.scf.out,-15497.079620488532,5.37600157535904,True,4747e4668cd7d0ada968905caa54cb014ee86a9592633beeece363299df377fe
tau35,CONVERGED,sto_bi_tau35.scf.out,-15496.819327411084,5.875382960241709,True,0b986b7fb710e502a523dafb08a78b1b34c391ca4054bbba16eb9df7a6eab9c7
tau36,CONVERGED,sto_bi_tau36.scf.out,-15497.079463070677,5.3749188628971885,True,eaf953397167688540a6b52da8db1bf63f03ef6d6a3c51a8813111f86b2253ba
tau37,CONVERGED,sto_bi_tau37.scf.out,-15497.667378624783,4.534092262525865,True,ac82310fd7793250d2e131992fa37580f94ea3cb919574d7623c7c0005e33741
tau38,CONVERGED,sto_bi_tau38.scf.out,-15498.233462893786,3.714190704890944,True,71a154e9830bc038cdd5d8e69226232e300cc297fda4ac707f4aacb7be575d45
tau39,CONVERGED,sto_bi_tau39.scf.out,-15498.575316243923,3.237051346878217,True,665cede5561248045d4762de82b2f117fb5da30d6a5c7ebedfd809219b0f137d
tau40,CONVERGED,sto_bi_tau40.scf.out,-15497.561379264016,4.664161560372353,True,2ef1e22e16d861b232ca3310189494dec11653a0a2eab0b8051d5c3071839b84
tau41,CONVERGED,sto_bi_tau41.scf.out,-15497.555056698975,4.574705091582772,True,21934401382d55219f18f83c3b5f485c7197240cf73ae2002a1f06cc67378d37
tau42,CONVERGED,sto_bi_tau42.scf.out,-15497.433339226547,4.6843511233878665,True,6f796ce3864f6408c6f84841da7be6c0e7eb04cfacf1902fbd87a1d33d41126d
tau43,CONVERGED,sto_bi_tau43.scf.out,-15497.078347812107,5.3723636986650805,True,fa86c15a5e5bb14fad5aa2bcc64f3357446f0013eced11aab9cb7151e935253f
tau44,CONVERGED,sto_bi_tau44.scf.out,-15496.62438900272,6.8083874314567865,True,4ea9ee3e1d252b963c0349360f6780a4d1e404aa38a1ca070e62adcbf749394a
tau45,CONVERGED,sto_bi_tau45.scf.out,-15496.407450870789,7.473674236261477,True,1b609b45b007bded2b3fa891dfc7378461547636b2a9cfe79d3183bb7ebb5d5a
tau46,CONVERGED,sto_bi_tau46.scf.out,-15496.624216210434,6.808710697866996,True,0b1d1d2dff873d3605efa4fbec5e3a355860101e0583467e68359c5293f4f2fe
tau47,CONVERGED,sto_bi_tau47.scf.out,-15497.078107943758,5.373365609886924,True,f8dedc8aa54b434d26453179379761d6b715f7f384009a5ef932c51ff2e10ed7
tau48,CONVERGED,sto_bi_tau48.scf.out,-15497.433148882916,4.685040019365443,True,4983cff8a735ccfaa7b1a3f30c701c8ab025f6867a84efa1571d5853ef17d27f
tau49,CONVERGED,sto_bi_tau49.scf.out,-15497.55496241153,4.574381607748217,True,fba7067b171d2e279c1a5e62a711a252e59d5f54479f94b452932ed279bd9aa6
tau50,CONVERGED,sto_bi_tau50.scf.out,-15497.066925425559,5.36127486042252,True,47b169ab65692ad53744ecbe32701516de60bda0774b76c7b689e8ec982f9dd0
tau51,CONVERGED,sto_bi_tau51.scf.out,-15497.108179108012,5.157081276681894,True,e4a0b933d4d593fd13ff7f76de710a48eb5f8d8a082ee776ed46f8a8ed8fd8a2
tau52,CONVERGED,sto_bi_tau52.scf.out,-15497.086767558503,5.091876266317427,True,41c0b8e241176b345ec90589400b32b6a2eb4b7b3022412eb024c42dc806611d
tau53,CONVERGED,sto_bi_tau53.scf.out,-15496.817642890366,5.8732271565860215,True,c108ad45d80e0e852d03da4094f7d7648eb2ea7a5e4ff8cc66b12e0cbf7f8465
tau54,CONVERGED,sto_bi_tau54.scf.out,-15496.40709576223,7.472512292264355,True,57b03b9f7559bdeb95d5af99c33a4b2490c0ddd20a562536690d0d2a243da063
tau55,CONVERGED,sto_bi_tau55.scf.out,-15496.198950036594,8.209737330621094,True,8e4633381f6a176a4e619e25319c4add20d6971d2a0cb560218cce8c9a73f31c
tau56,CONVERGED,sto_bi_tau56.scf.out,-15496.406914398356,7.47339025307656,True,b7aa5b4c2c4e68d70998293488a332d71a443fae5dd6e38a9f2cc73ee7524ad7
tau57,CONVERGED,sto_bi_tau57.scf.out,-15496.817398123967,5.874123589358023,True,f90c72087ae3916c3aaa1720290a20ab7a0e76f08e26854e961c5a5941268fb5
tau58,CONVERGED,sto_bi_tau58.scf.out,-15497.086584153776,5.091454363001187,True,80319affaf0992c242a8b349c235bf50b49a68644af550901b55287f85a73a20
tau59,CONVERGED,sto_bi_tau59.scf.out,-15497.108096113292,5.1570398278544305,True,c2b47270645272e966a72a81d581a16a25196b8daeccd2ad9a429a3c61e2b424
tau60,CONVERGED,sto_bi_tau60.scf.out,-15497.561349739664,4.6643941551090435,True,1a3a4c430213ea245e72dfbc533509963c35def493eb579db693d5af52a89e82
tau61,CONVERGED,sto_bi_tau61.scf.out,-15497.55500921511,4.57461197115445,True,ae7289d13e0438dbbdec09baeea24b0488f81166673d60230db9c814d1912c6b
tau62,CONVERGED,sto_bi_tau62.scf.out,-15497.433244258817,4.683555798879184,True,996b70d40b3bb37af16f1f8db632207fee7ef073ea5491f9fa3e1a147a1658cc
tau63,CONVERGED,sto_bi_tau63.scf.out,-15497.078192979334,5.372580582064328,True,d06150798ccfdf1599ee4c1244725da32559c026c4ef8954952056e4f02718e3
tau64,CONVERGED,sto_bi_tau64.scf.out,-15496.624182604375,6.809225865582562,True,32a4564b7164576c903bea3c792ad57099d2d29458838bbc6aa036c45d94a922
tau65,CONVERGED,sto_bi_tau65.scf.out,-15496.407225016303,7.474306810822948,True,d14002224c9026ad1729fe93c6ba4a2a40d978b4fcb89736fa914459088584b9
tau66,CONVERGED,sto_bi_tau66.scf.out,-15496.62400967603,6.808467949359326,True,1f700ea449ff5aa3996c827c34ae5bf17325d9c699a8f7b8fa8e121ac07517e8
tau67,CONVERGED,sto_bi_tau67.scf.out,-15497.077952974927,5.371584757452944,True,bca674bcb3c53dd3f07b5742eb970371645e929ea638f6eecb4cd269ed87897a
tau68,CONVERGED,sto_bi_tau68.scf.out,-15497.433053915185,4.684148361135485,True,55695432977f1b222bfcd9816b2f833610bd5d9b582d0784d76e417d0e3e82b5
tau69,CONVERGED,sto_bi_tau69.scf.out,-15497.554915063722,4.5758227438873025,True,e7160290d0f4f78701aef9732cfd617c1adc8697414df9e2a526b92b0e0c0a8d
tau70,CONVERGED,sto_bi_tau70.scf.out,-15498.679898027647,3.187106753615904,True,7096bc1afa5268c785eac0fe1e29bd8235571fe2fa44da2dc4d0f94f1b09d4ce
tau71,CONVERGED,sto_bi_tau71.scf.out,-15498.57537597291,3.2371636480714754,True,700de0b570838d7329e7b6b52637a3e5ba945a627abcfaa718d4e3bdeac50788
tau72,CONVERGED,sto_bi_tau72.scf.out,-15498.233530650132,3.713244665344221,True,95548359bf0f2a43dc24b765d4ede823ec00e388e6e7cc4a78428c731e09b884
tau73,CONVERGED,sto_bi_tau73.scf.out,-15497.667379849294,4.533505988891664,True,76a3e9af3d921374e690b626084e5b77559521220cbd7ce5a9044c282220a795
tau74,CONVERGED,sto_bi_tau74.scf.out,-15497.07931313595,5.3741772947541255,True,d1b30ec95f4262596251c77e231bf5d6c862d7c2a57509321da6240a6a761063
tau75,CONVERGED,sto_bi_tau75.scf.out,-15496.818988493296,5.8758650842481,True,a977f9b14d06a2bba1d3ead22c46101d06a2dbf2d53be1383e44fb103b8bfaf0
tau76,CONVERGED,sto_bi_tau76.scf.out,-15497.079155718095,5.375595394472459,True,610ea4e372d61d457225e89ace4ecb63f1adb62fdea01f21396ec207ba79f0d5
tau77,CONVERGED,sto_bi_tau77.scf.out,-15497.667152362128,4.534359357855481,True,e52bae692db52c38e283dfb05f53cf354b6e4aba1ebb47a0716935903e8447a1
tau78,CONVERGED,sto_bi_tau78.scf.out,-15498.233334864224,3.714204062536333,True,385399edb9ebbce213dc2ff79506d57f8fb7830232fd70e712c9ba803e657b84
tau79,CONVERGED,sto_bi_tau79.scf.out,-15498.575267807659,3.237641892425671,True,43eb3692afa8dce04500446e6a046b10fa50c4c340dcfc3942953a39320d7812
tau80,CONVERGED,sto_bi_tau80.scf.out,-15499.786286500579,2.1297766986657702,True,1be734ad131fa52b83121d6ae91193e7f7d89ddd3700d09fa6f308a5a1476a42
tau81,CONVERGED,sto_bi_tau81.scf.out,-15499.600761462294,1.9856319652777599,True,0b01f978f5fbd7bdc000eefbf626e754dbbb4f36ec122edd39cb28e4aed488e0
tau82,CONVERGED,sto_bi_tau82.scf.out,-15499.052372484104,2.6491215129918007,True,1547acfd4538c0b099dd95ccf406c9f5c863370f4cb348bb501ca8f92933c1b0
tau83,CONVERGED,sto_bi_tau83.scf.out,-15498.235159795684,3.7158016452330753,True,3b6633ae20b8ebd977955c4e0f7a3dcd4919da4243e586ac1023915341a0e6ef
tau84,CONVERGED,sto_bi_tau84.scf.out,-15497.436246218684,4.687397681741175,True,c8825a0b9cbc202c3a75ab0c74d70ec689aad71d551f039b0044c240982d32d4
tau85,CONVERGED,sto_bi_tau85.scf.out,-15497.09021605718,5.096524013234947,True,5e9ab3174f9b84f38e383f4d26ab33ac22a24c3d9a73d300ed71b435c069dbd7
tau86,CONVERGED,sto_bi_tau86.scf.out,-15497.436093698878,4.689695695220371,True,e185d8d49961c8a12574b580370d15ee8d8dfccb8e365a40d9afba88910a8282
tau87,CONVERGED,sto_bi_tau87.scf.out,-15498.23494360124,3.7162613613393347,True,2d32700b670596f964d784bec842fb439c7e598a7ee78d42aa689d8aea8bcc39
tau88,CONVERGED,sto_bi_tau88.scf.out,-15499.052187446696,2.6492228743706825,True,392635aec68d348bf20c825dc200c5d533e3cf6c40be2f2fe4cadefeee078a97
tau89,CONVERGED,sto_bi_tau89.scf.out,-15499.600660780174,1.9854052323807743,True,06bd17bc8c84d0ec19b0c10ddff02c2b128fb6cdabe69c89a0b5a227dec3dd1e
tau90,CONVERGED,sto_bi_tau90.scf.out,-15500.494066976102,1.0295483699807173,True,48d2f0d33936884a7c800766f2fad58c9bb6750ad4a498abf6b4e28cb0615248
tau91,CONVERGED,sto_bi_tau91.scf.out,-15500.272151882058,0.9962077662715974,True,198911840f86180431acdc68bad1b6af43b417d2ad441793f84787e6f1e406dc
tau92,CONVERGED,sto_bi_tau92.scf.out,-15499.601792229512,1.979473004065483,True,4a7899582420e8cc3ad32200cc07b9ee5a759df036936d7b63aef87aaaf2f23c
tau93,CONVERGED,sto_bi_tau93.scf.out,-15498.57811547898,3.2412043180624406,True,431562ce98ba4c7976e7d1343a8e43f4ac52a4c6fe3cd482fb71fcdfb6734a65
tau94,CONVERGED,sto_bi_tau94.scf.out,-15497.559272694736,4.580327350019288,True,5898f1ffe37e438b2ec40a81aab48808b4e2598119132384740e17119345fb5e
tau95,CONVERGED,sto_bi_tau95.scf.out,-15497.112995795069,5.160640814451792,True,e3f895044b2d0458015539a60d12bc66b5f642e6a71775fa0d58645d91ab06be
tau96,CONVERGED,sto_bi_tau96.scf.out,-15497.559107929803,4.581023729821096,True,33519eaaad06e1cda3db37f047d436f2f0bc34dc56806f6ac618db42901c18de
tau97,CONVERGED,sto_bi_tau97.scf.out,-15498.577899420592,3.2411435435675764,True,eae166f09e50fa712f162abd0b1dbd1a2d2d31f7fc8f8f35c64998b1b2b4ff36
tau98,CONVERGED,sto_bi_tau98.scf.out,-15499.6016267843,1.9795078679070506,True,97725cde485ae60e3e09990689453d6bbe7e6789a1370aea8919832cf7364e63
tau99,CONVERGED,sto_bi_tau99.scf.out,-15500.272077050753,0.996410186604917,True,595b1d9be5fd24593a60be8c3ebdbef47ec7682aee5a19f578ca46bad3930888
