dataset_id,stage,calculation,tau,tau_p,tau_q,converged,force_label,relative_directory,trajectory,manifest_sha256
sto_tau10x10_B_tau00,B,vertical_relax,tau00,0,0,True,raw_dft,data/vertical_relax/tau00,trajectory.extxyz,1d23562f820d0558c8b454f2baf3ff9c48c0437caf448259a0a2a37ba3152a82
sto_tau10x10_B_tau01,B,vertical_relax,tau01,0,1,True,raw_dft,data/vertical_relax/tau01,trajectory.extxyz,4213e95cbe3172e1d91264180f4a8c6c212c9096f6216947be675c9a2e3ba25a
sto_tau10x10_B_tau02,B,vertical_relax,tau02,0,2,True,raw_dft,data/vertical_relax/tau02,trajectory.extxyz,5f6fdb4253cdd3b2ece03a95e5e22fd098b0b4805439a84cf896f2e91ea93634
sto_tau10x10_B_tau03,B,vertical_relax,tau03,0,3,True,raw_dft,data/vertical_relax/tau03,trajectory.extxyz,e6d9fb31df19526431663ab9ed7f2178b5074e06d2bea1d9dc49eb9e505383bf
sto_tau10x10_B_tau04,B,vertical_relax,tau04,0,4,True,raw_dft,data/vertical_relax/tau04,trajectory.extxyz,38ea26481104ac414cca81944a008a151882fe4a6081fcae600de9217f4f7804
sto_tau10x10_B_tau05,B,vertical_relax,tau05,0,5,True,raw_dft,data/vertical_relax/tau05,trajectory.extxyz,eb749748b5baf676926ba5d56a1aead2f2ab22549f45eae5f1ed73012f9dc025
sto_tau10x10_B_tau06,B,vertical_relax,tau06,0,6,True,raw_dft,data/vertical_relax/tau06,trajectory.extxyz,1f764738fda35fd76c41e728c8c971b562ee8fa6bc0766d188d94815217024f6
sto_tau10x10_B_tau07,B,vertical_relax,tau07,0,7,True,raw_dft,data/vertical_relax/tau07,trajectory.extxyz,70736e6df201cdcbc97514d6b3eb334528bee8a2701e12726c30817f3020567e
sto_tau10x10_B_tau08,B,vertical_relax,tau08,0,8,True,raw_dft,data/vertical_relax/tau08,trajectory.extxyz,a13c339a9ce89ac2a422e4ff88cd5fc6dde39ee9a68a927fff94ec9c20ea2839
sto_tau10x10_B_tau09,B,vertical_relax,tau09,0,9,True,raw_dft,data/vertical_relax/tau09,trajectory.extxyz,6c0b88e86f3a0c3de5333ce0c9c49f656b852aa4989fe31591e537ef3ef1cddc
sto_tau10x10_B_tau10,B,vertical_relax,tau10,1,0,True,raw_dft,data/vertical_relax/tau10,trajectory.extxyz,edb15d5f5abf860c3450e3942f3b529371d413c03f4a26688d72b5c489909778
sto_tau10x10_B_tau11,B,vertical_relax,tau11,1,1,True,raw_dft,data/vertical_relax/tau11,trajectory.extxyz,8347ff98997990e4ba5b200212bdb4a9b26dbcee111c816ac0735d6761ab8172
sto_tau10x10_B_tau12,B,vertical_relax,tau12,1,2,True,raw_dft,data/vertical_relax/tau12,trajectory.extxyz,52e2a15849423bc3a6cc4d66d9cfc1026540bb8d8cd6bf67a4038d0d4fa87392
sto_tau10x10_B_tau13,B,vertical_relax,tau13,1,3,True,raw_dft,data/vertical_relax/tau13,trajectory.extxyz,6a8ea758b4111343f8b1e085b19ea5af0f91dacb5094b35fa0b909ab7d96a65f
sto_tau10x10_B_tau14,B,vertical_relax,tau14,1,4,True,raw_dft,data/vertical_relax/tau14,trajectory.extxyz,2905999f70599e9ed3d03c88dd1e334a43784009d48609bf5187fb32b59cf0e1
sto_tau10x10_B_tau15,B,vertical_relax,tau15,1,5,True,raw_dft,data/vertical_relax/tau15,trajectory.extxyz,aabfb69ce1dbdbba217473321af6310921d12c154444012b37b5e383b680cbc8
sto_tau10x10_B_tau16,B,vertical_relax,tau16,1,6,True,raw_dft,data/vertical_relax/tau16,trajectory.extxyz,047a6ca6e853d691e093737797ac7c55aac29ac0f18b31b69c3db52b5f9333e1
sto_tau10x10_B_tau17,B,vertical_relax,tau17,1,7,True,raw_dft,data/vertical_relax/tau17,trajectory.extxyz,be2d9e3d4f9d4d608e60a5cbff5f52a7758182e79f458a59bc7a727b0e204001
sto_tau10x10_B_tau18,B,vertical_relax,tau18,1,8,True,raw_dft,data/vertical_relax/tau18,trajectory.extxyz,b34cd8fae0f56b8f7f7d120c351e6fba72988f927ea841e612983a594355c152
sto_tau10x10_B_tau19,B,vertical_relax,tau19,1,9,True,raw_dft,data/vertical_relax/tau19,trajectory.extxyz,01b6eca3df408ee4b850470aa7064bf00787267766fcf9d23736979284d30acb
sto_tau10x10_B_tau20,B,vertical_relax,tau20,2,0,True,raw_dft,data/vertical_relax/tau20,trajectory.extxyz,352beba5251410e58442c16c39549f296771397bd0e41d662a9ec0a041101216
sto_tau10x10_B_tau21,B,vertical_relax,tau21,2,1,True,raw_dft,data/vertical_relax/tau21,trajectory.extxyz,a82f8cf41bd38c07eb42c00d8b490f9cea0ae6075c48203bbe2e4a843bd40f4d
sto_tau10x10_B_tau22,B,vertical_relax,tau22,2,2,True,raw_dft,data/vertical_relax/tau22,trajectory.extxyz,46f2a5fa5438759d0213ca62aef5f2699c00d0b93ba4c1ffb53b1b769d6be9c8
sto_tau10x10_B_tau23,B,vertical_relax,tau23,2,3,True,raw_dft,data/vertical_relax/tau23,trajectory.extxyz,97ccc5775d83d64c00bab871d5c02e1962fdb8cbb40c674a5750021e7eaf483f
sto_tau10x10_B_tau24,B,vertical_relax,tau24,2,4,True,raw_dft,data/vertical_relax/tau24,trajectory.extxyz,dcd76ed6f7252d9cda24a13e011ecfb6e92583d2940bd287498cec31274c416c
sto_tau10x10_B_tau25,B,vertical_relax,tau25,2,5,True,raw_dft,data/vertical_relax/tau25,trajectory.extxyz,921706cad2252c65daaa81bebf608eb25b0f603d69286edf990d33fcbe59639e
sto_tau10x10_B_tau26,B,vertical_relax,tau26,2,6,True,raw_dft,data/vertical_relax/tau26,trajectory.extxyz,afc3070a46a386f680b8ef5003b928460e62004322893dd0a1b1c867de222464
sto_tau10x10_B_tau27,B,vertical_relax,tau27,2,7,True,raw_dft,data/vertical_relax/tau27,trajectory.extxyz,d5b01f97d240cd53f045d5f18e5a5150cce4dc5a9096ff15e7d25c26e0e4edef
sto_tau10x10_B_tau28,B,vertical_relax,tau28,2,8,True,raw_dft,data/vertical_relax/tau28,trajectory.extxyz,9b469a7d1c17adf9b1e57b7436b79915b9f20a37e8535f15fcf830f0e8300671
sto_tau10x10_B_tau29,B,vertical_relax,tau29,2,9,True,raw_dft,data/vertical_relax/tau29,trajectory.extxyz,49dca955d0f2e5179867c824bc3f09737e57a81b82865b534d6f32de97c10317
sto_tau10x10_B_tau30,B,vertical_relax,tau30,3,0,True,raw_dft,data/vertical_relax/tau30,trajectory.extxyz,e04c29e3384fa0b190e266021ee337e76b9005cc8040bf2473666d0992ee1f40
sto_tau10x10_B_tau31,B,vertical_relax,tau31,3,1,True,raw_dft,data/vertical_relax/tau31,trajectory.extxyz,d9561823e6f1a22bd446497485c89624df9f1b8b64e17d4d138e7bc625341b64
sto_tau10x10_B_tau32,B,vertical_relax,tau32,3,2,True,raw_dft,data/vertical_relax/tau32,trajectory.extxyz,b9fede5e386aba6dfcbd43aa23037fd2ed49d4f0cadf134784ad649ce8c8cb33
sto_tau10x10_B_tau33,B,vertical_relax,tau33,3,3,True,raw_dft,data/vertical_relax/tau33,trajectory.extxyz,e024eb12c8e84141691cd4eea005abe9ff34aff3fb0692d8f1423d51d4ce4bf3
sto_tau10x10_B_tau34,B,vertical_relax,tau34,3,4,True,raw_dft,data/vertical_relax/tau34,trajectory.extxyz,e45644975ff63eea253521e8325d798dade78f507a3db209d0248283ed257184
sto_tau10x10_B_tau35,B,vertical_relax,tau35,3,5,True,raw_dft,data/vertical_relax/tau35,trajectory.extxyz,b202f0afe17c00437b1c31aae792e912640836e2dff158001a3144bb6027824e
sto_tau10x10_B_tau36,B,vertical_relax,tau36,3,6,True,raw_dft,data/vertical_relax/tau36,trajectory.extxyz,c164f0a375346a50cf4716f275403c8b9c4ec330063b5774d08a0e51295a6238
sto_tau10x10_B_tau37,B,vertical_relax,tau37,3,7,True,raw_dft,data/vertical_relax/tau37,trajectory.extxyz,718d633d89299a43a42fe1e2f4730cb4f0ee2dfaad8ee28464f2ce134b5da649
sto_tau10x10_B_tau38,B,vertical_relax,tau38,3,8,True,raw_dft,data/vertical_relax/tau38,trajectory.extxyz,b40dba3de45ec06d79bef67f7d6d62415762480658473118ff449a2476b2c8d5
sto_tau10x10_B_tau39,B,vertical_relax,tau39,3,9,True,raw_dft,data/vertical_relax/tau39,trajectory.extxyz,e84679434d1872838b33dc1acb50ed9a35764d42f21faf019ed5adb7c7229a1c
sto_tau10x10_B_tau40,B,vertical_relax,tau40,4,0,True,raw_dft,data/vertical_relax/tau40,trajectory.extxyz,9015070280a982e810d863331f73abde24998c06dcb255f2a12a07cfc1172773
sto_tau10x10_B_tau41,B,vertical_relax,tau41,4,1,True,raw_dft,data/vertical_relax/tau41,trajectory.extxyz,e9cfdd6fa41c1a8b0ddf96ab34958e52652c9d9229d64605fd1d64973d149520
sto_tau10x10_B_tau42,B,vertical_relax,tau42,4,2,True,raw_dft,data/vertical_relax/tau42,trajectory.extxyz,bb23a05a0452668ebe132a510266d25accdc1cf9b29af4c28fc57e7b9236a494
sto_tau10x10_B_tau43,B,vertical_relax,tau43,4,3,True,raw_dft,data/vertical_relax/tau43,trajectory.extxyz,0aaaf9ff147eaef5a70260b6988e821117cfc016c9f323e4bb61e01499eb5743
sto_tau10x10_B_tau44,B,vertical_relax,tau44,4,4,True,raw_dft,data/vertical_relax/tau44,trajectory.extxyz,66ef04c305cf6b22a5cb1459a8354ac30ec32c344fa7e0bd88fe41f0a25641d4
sto_tau10x10_B_tau45,B,vertical_relax,tau45,4,5,True,raw_dft,data/vertical_relax/tau45,trajectory.extxyz,15189672cb3fbfbd295c818374d0870e379cf5ad49ae3ba114b812b76a33822b
sto_tau10x10_B_tau46,B,vertical_relax,tau46,4,6,True,raw_dft,data/vertical_relax/tau46,trajectory.extxyz,dd172a5d5881c37921f367451784da9736e2a62b8c3787441cd7df290cd34048
sto_tau10x10_B_tau47,B,vertical_relax,tau47,4,7,True,raw_dft,data/vertical_relax/tau47,trajectory.extxyz,58e5a7dac5c4ddbdd05d28603ec71a0c9efb8f09319276f3b5f63a64d3de8aae
sto_tau10x10_B_tau48,B,vertical_relax,tau48,4,8,True,raw_dft,data/vertical_relax/tau48,trajectory.extxyz,1f93be079fb3e2d9673d89aaf85b5176a51cbbc265dbe3da21fd0f44b8ee8fb4
sto_tau10x10_B_tau49,B,vertical_relax,tau49,4,9,True,raw_dft,data/vertical_relax/tau49,trajectory.extxyz,62ba5ccbb9ec4fa508182ee8ea11b92a858f3c31ec8ecf7eb6e429a0b5d8602f
sto_tau10x10_B_tau50,B,vertical_relax,tau50,5,0,True,raw_dft,data/vertical_relax/tau50,trajectory.extxyz,d5b76e80f3c8b1450d2d0a0c39dd1c94cf37655de66bcfb2550b1f93c9c1670a
sto_tau10x10_B_tau51,B,vertical_relax,tau51,5,1,True,raw_dft,data/vertical_relax/tau51,trajectory.extxyz,2b9654f327b737f1e9bd7bcfbc9c22c5400174c27155b7a2232bdd020bc5670e
sto_tau10x10_B_tau52,B,vertical_relax,tau52,5,2,True,raw_dft,data/vertical_relax/tau52,trajectory.extxyz,80442c273c10566eebf933ffa30a2e0cabe3c58ff28a550054626c8c419d06ae
sto_tau10x10_B_tau53,B,vertical_relax,tau53,5,3,True,raw_dft,data/vertical_relax/tau53,trajectory.extxyz,399ecb4256780f3823a2fc44086d38fe321c551f6ba54a577cc84ccd8a13dd4f
sto_tau10x10_B_tau54,B,vertical_relax,tau54,5,4,True,raw_dft,data/vertical_relax/tau54,trajectory.extxyz,2de4c4c68105ead99cbe6dc89142a7d08cf8ecbfe6dd68bef1ad0f8eae2f4a56
sto_tau10x10_B_tau55,B,vertical_relax,tau55,5,5,True,raw_dft,data/vertical_relax/tau55,trajectory.extxyz,809f0b0cd20ee7d47d04f244c8b085c5e7d2a9002bb13ac61df5f6012dfff616
sto_tau10x10_B_tau56,B,vertical_relax,tau56,5,6,True,raw_dft,data/vertical_relax/tau56,trajectory.extxyz,c54d9991e0d0a1d828859151da9105561bef0e4f205f71c962828e4f243dcf01
sto_tau10x10_B_tau57,B,vertical_relax,tau57,5,7,True,raw_dft,data/vertical_relax/tau57,trajectory.extxyz,aac1cf13cb7bff1d5c2a8c7811ae77d9e93c94c44f4d9e9e8d12f11e5f639707
sto_tau10x10_B_tau58,B,vertical_relax,tau58,5,8,True,raw_dft,data/vertical_relax/tau58,trajectory.extxyz,cc42ca9a5a588f89526ce7c10855af848ebb0a0dd445bdb3802681934e75faf6
sto_tau10x10_B_tau59,B,vertical_relax,tau59,5,9,True,raw_dft,data/vertical_relax/tau59,trajectory.extxyz,fd7a6a7d85304ad099ac96814ae6bb0052a50c40809cde84dde8a1e67bb7efed
sto_tau10x10_B_tau60,B,vertical_relax,tau60,6,0,True,raw_dft,data/vertical_relax/tau60,trajectory.extxyz,f76fcc1ee9a3b702c94abb910ce8d7c10e0cd24122d830fe59a6bd79452b2881
sto_tau10x10_B_tau61,B,vertical_relax,tau61,6,1,True,raw_dft,data/vertical_relax/tau61,trajectory.extxyz,8c03647315d90ace5cad679bb6e590bd6b47d33279254b594df25145f557037e
sto_tau10x10_B_tau62,B,vertical_relax,tau62,6,2,True,raw_dft,data/vertical_relax/tau62,trajectory.extxyz,42bbd42a1f620fea191a48bb7d11b0d4272de1b8e6090205fd5459daadbb88fc
sto_tau10x10_B_tau63,B,vertical_relax,tau63,6,3,True,raw_dft,data/vertical_relax/tau63,trajectory.extxyz,eb555fe8621b697689a690a0257367d53c87610b3972e91a9887acb9ac898869
sto_tau10x10_B_tau64,B,vertical_relax,tau64,6,4,True,raw_dft,data/vertical_relax/tau64,trajectory.extxyz,d79e6d0cd39cd91a833957e8d0e32b8f56a19cbeace8577adf967a5f103c7e23
sto_tau10x10_B_tau65,B,vertical_relax,tau65,6,5,True,raw_dft,data/vertical_relax/tau65,trajectory.extxyz,0b81f6997322b21ac4096d1a6677c23d54ea4ff1e6af6e7e5e5fb3bf3a7f6229
sto_tau10x10_B_tau66,B,vertical_relax,tau66,6,6,True,raw_dft,data/vertical_relax/tau66,trajectory.extxyz,34256fedc9747999799eee78d49e4205525895177809d3b468f9d98cdef41de7
sto_tau10x10_B_tau67,B,vertical_relax,tau67,6,7,True,raw_dft,data/vertical_relax/tau67,trajectory.extxyz,3136a7a071595fc852d3d3a86768fc830db373c44baa2caf65217b523fe976e9
sto_tau10x10_B_tau68,B,vertical_relax,tau68,6,8,True,raw_dft,data/vertical_relax/tau68,trajectory.extxyz,597aa0f35da53c11520796f728f2d764173bdcc850a370957e1ece0990b3b1fa
sto_tau10x10_B_tau69,B,vertical_relax,tau69,6,9,True,raw_dft,data/vertical_relax/tau69,trajectory.extxyz,030019d6690f59de3e0db155015585f1cd602da3ebc1c36ed45ec50277be9659
sto_tau10x10_B_tau70,B,vertical_relax,tau70,7,0,True,raw_dft,data/vertical_relax/tau70,trajectory.extxyz,fff4dd7e7930a1273755d5ff3585753c8ee6b2c9cf3c1c4a52e6516432af4aa7
sto_tau10x10_B_tau71,B,vertical_relax,tau71,7,1,True,raw_dft,data/vertical_relax/tau71,trajectory.extxyz,69d43743999971ae5df095e715ac04dde6ae29e8ca1b76171a3f5ca2a2cf2914
sto_tau10x10_B_tau72,B,vertical_relax,tau72,7,2,True,raw_dft,data/vertical_relax/tau72,trajectory.extxyz,fa8d97ba949aaa7eec86cdea3fd362c8ce4e23f3d426bbd8f9fec0d7aad2ea94
sto_tau10x10_B_tau73,B,vertical_relax,tau73,7,3,True,raw_dft,data/vertical_relax/tau73,trajectory.extxyz,b4171953fb59befd2e584ca2574eb4691640452a4931359d20fecca762f6d9b0
sto_tau10x10_B_tau74,B,vertical_relax,tau74,7,4,True,raw_dft,data/vertical_relax/tau74,trajectory.extxyz,6fae39780aa053d6a2e8bcbe5603d60c66fd3c9a4ae64038ba734c9cc6ce893e
sto_tau10x10_B_tau75,B,vertical_relax,tau75,7,5,True,raw_dft,data/vertical_relax/tau75,trajectory.extxyz,cb200acef5a84fc1e63b5366e2c43c7085480704b6fb23e4daa91e9bcb93fd6a
sto_tau10x10_B_tau76,B,vertical_relax,tau76,7,6,True,raw_dft,data/vertical_relax/tau76,trajectory.extxyz,b6f3a2a1a80956be6b38e144072d0d41b4cb17aaa4d823ea52ac9c2489153fc8
sto_tau10x10_B_tau77,B,vertical_relax,tau77,7,7,True,raw_dft,data/vertical_relax/tau77,trajectory.extxyz,a15259b14996d61b11d24671cc8289dbd691319094c6aec7f5694d8580ab87d0
sto_tau10x10_B_tau78,B,vertical_relax,tau78,7,8,True,raw_dft,data/vertical_relax/tau78,trajectory.extxyz,8295a147798f7820ba2dbd624446f61fc0929512e3b514bcbac90c526ba29fcd
sto_tau10x10_B_tau79,B,vertical_relax,tau79,7,9,True,raw_dft,data/vertical_relax/tau79,trajectory.extxyz,94974d67bf0401e9d6c1041aa2d80aa690886fb94ce08e1109a34489b9d392e9
sto_tau10x10_B_tau80,B,vertical_relax,tau80,8,0,True,raw_dft,data/vertical_relax/tau80,trajectory.extxyz,e83e7cea927373c654e9606e5b025ad479abf00c037ba70f2444c9869819e48c
sto_tau10x10_B_tau81,B,vertical_relax,tau81,8,1,True,raw_dft,data/vertical_relax/tau81,trajectory.extxyz,2f9e7350ad685ef6942aca8291a9d225ed045082d2454190f42fcb1a1036888d
sto_tau10x10_B_tau82,B,vertical_relax,tau82,8,2,True,raw_dft,data/vertical_relax/tau82,trajectory.extxyz,d5458b99e67a1c04f4596dae46241fecc4511524e936a455d8420c51e4fab3b4
sto_tau10x10_B_tau83,B,vertical_relax,tau83,8,3,True,raw_dft,data/vertical_relax/tau83,trajectory.extxyz,08c709d54b1f252657dee264a14b0df298b996b9a1ec56b7582a83742c814521
sto_tau10x10_B_tau84,B,vertical_relax,tau84,8,4,True,raw_dft,data/vertical_relax/tau84,trajectory.extxyz,5ff8d3fc304f7ea81f594f48d514ae8802fff516d98b45ce3494d5377f2d6985
sto_tau10x10_B_tau85,B,vertical_relax,tau85,8,5,True,raw_dft,data/vertical_relax/tau85,trajectory.extxyz,ee6a4ffb8734e993c6b43dd0de18a4926d74fbf1a7eb0bf1c1443d6c89cdfaa1
sto_tau10x10_B_tau86,B,vertical_relax,tau86,8,6,True,raw_dft,data/vertical_relax/tau86,trajectory.extxyz,0c7e025d3c706355b4d8ddab08424b1e4724ae6a3725bacb119ab0a6e2fdd2b0
sto_tau10x10_B_tau87,B,vertical_relax,tau87,8,7,True,raw_dft,data/vertical_relax/tau87,trajectory.extxyz,69f38b798aeb92d4615cfd4f21dfcd8b74d10459e266bede43ce3e26ef6c5ff2
sto_tau10x10_B_tau88,B,vertical_relax,tau88,8,8,True,raw_dft,data/vertical_relax/tau88,trajectory.extxyz,16d28e1dca6ad389fef074c3c2b78735ce98c21f8a9d9779df1207e375bd623c
sto_tau10x10_B_tau89,B,vertical_relax,tau89,8,9,True,raw_dft,data/vertical_relax/tau89,trajectory.extxyz,92e7cb3994a2cda0fdc6e08efd22d3d4c6c6e1d057071518d7079dff5691c919
sto_tau10x10_B_tau90,B,vertical_relax,tau90,9,0,True,raw_dft,data/vertical_relax/tau90,trajectory.extxyz,071fea2e3920e4277d9628ba8c9ec3f93ad9697e77049bfd361617ed37a3f25a
sto_tau10x10_B_tau91,B,vertical_relax,tau91,9,1,True,raw_dft,data/vertical_relax/tau91,trajectory.extxyz,295f1917febcaf97dd07c7d0eb311651ae60e252940677f6fe8dd096ed7e4418
sto_tau10x10_B_tau92,B,vertical_relax,tau92,9,2,True,raw_dft,data/vertical_relax/tau92,trajectory.extxyz,c64b349db2f6c917c8347e30097d34e42bb9841428e67b15181cb06cacf192a8
sto_tau10x10_B_tau93,B,vertical_relax,tau93,9,3,True,raw_dft,data/vertical_relax/tau93,trajectory.extxyz,7cbfcecba4e04ed940f0ddee9b031554ef0cb9c3a67f5b3068dcec1a9e95b8c3
sto_tau10x10_B_tau94,B,vertical_relax,tau94,9,4,True,raw_dft,data/vertical_relax/tau94,trajectory.extxyz,e03134c30dccdabffba615c900320fafb942c94ee60517124d971811fabf6797
sto_tau10x10_B_tau95,B,vertical_relax,tau95,9,5,True,raw_dft,data/vertical_relax/tau95,trajectory.extxyz,61981232ce7e8a82bd37db53ce85a194dddf65fe7462f4e943cf0669a48937b6
sto_tau10x10_B_tau96,B,vertical_relax,tau96,9,6,True,raw_dft,data/vertical_relax/tau96,trajectory.extxyz,70d9e74f0c5fc4a537c7a3ace57f4e8ed279cd6bedf9aad8fd9c3eca074ad131
sto_tau10x10_B_tau97,B,vertical_relax,tau97,9,7,True,raw_dft,data/vertical_relax/tau97,trajectory.extxyz,4c86c0f6a86c18eca54106f8299ad0d556e35aa5d311f076899e7e7eac315d5c
sto_tau10x10_B_tau98,B,vertical_relax,tau98,9,8,True,raw_dft,data/vertical_relax/tau98,trajectory.extxyz,02fb44fd24a727e228cce8efd60e1f1cf947eca909f65a2d958beedaef9020af
sto_tau10x10_B_tau99,B,vertical_relax,tau99,9,9,True,raw_dft,data/vertical_relax/tau99,trajectory.extxyz,1c1c528e07ec3434a59ffe8e9a8d27341194a0509c63774fcaa15bd654eae378
sto_tau10x10_C_tau37,C,fixed_registry_fire,tau37,3,7,True,raw_dft,data/stage_c_fixed_registry/tau37,trajectory.extxyz,b84e35512a7ba85d742e1101204b271977b7098cb667c00ff3bae7eafc160dd2
