relative_path,tau,stage,kind,bytes,sha256
input/nscf_bulk1.in,,,qe_input,759,f1facef7be28839dcf2492a4066ffc792337c86f9c60bfb28ebffebc7fba5003
input/scf_bulk1.in,,,qe_input,614,033d84d570e29b9915d26950776c489acc6ebf1cce554bc8a5edffddbf19b75f
input/script_bulk1.sh,,,other,896,a1e61ed308e6a0f3e4b4374a74a7d4b3c3b61004be7357d1a9b7e1fec2f5bf89
nscf/bands_bulk1.in,,,qe_input,85,b4acfaa0e58c0fe4e4447b11d228fbeb0b4c28f0bdf9166dd5b2ad1fe9160be7
nscf/nscf_bulk1.in,,,qe_input,759,f1facef7be28839dcf2492a4066ffc792337c86f9c60bfb28ebffebc7fba5003
nscf/nscf_bulk1.out,,,qe_output,111313,de05d08cd55ebee64b877113f9cb1615159298528509b45ae75432c961ef364e
optimization/input/lat_opt.in,,,qe_input,968,f41f42ad17c829a2c853e91452bb856d0aabbe1b33fe0b7788a66c47fbaa1f1d
optimization/input/lat_opt.out,,,qe_output,108430,51f7e7793581fe58b27318f3ab6d0d6794f97c58a2b2105917ff85615ebd9486
optimization/nscf/scf_bulk1.in,,,qe_input,623,0a1ec4edc1916ca20db625b1a673a8c517e9ac3eead17c39d8832f35c99b4cae
optimization/scf/scf_bulk1.in,,,qe_input,623,0a1ec4edc1916ca20db625b1a673a8c517e9ac3eead17c39d8832f35c99b4cae
optimization/scf/scf_bulk1.out,,,qe_output,0,e3b0c44298fc1c149afbf4c8996fb92427ae41e4649b934ca495991b7852b855
pdos/CRASH,,,other,1048,e8bf8c038060fb5015a5e4bd59b9c4aa4264313c9e80c5763d372a74c4b911a7
pdos/bulk2-pdos.54910042.err,,,other,16118,7cc871847545478f639954e49a7bf7b0d11c2ac9de62618dc733a3647f9522de
pdos/bulk2-pdos.54910042.out,,,qe_output,0,e3b0c44298fc1c149afbf4c8996fb92427ae41e4649b934ca495991b7852b855
pdos/projwfc_bulk2.in,,,qe_input,91,ee7800c443309ce2652a0ec673eea8fe9f3582e0f36ff7829c0c15cc087baaa2
pdos/projwfc_bulk2.out,,,qe_output,1617,a9ef66d087c1a1b7f9a9e116bfe9f6fe312ff7f7a9e0a44462e3a59115ea0933
pdos/script_projwfc_bulk2.sh,,,other,533,da12d73a9ebdded79729d854bba6f0646c71d08fcf639e2c792a58e097e05608
scf/scf_bulk1.out,,,qe_output,0,e3b0c44298fc1c149afbf4c8996fb92427ae41e4649b934ca495991b7852b855
