tau,atom_index,species,x_A,y_A,z_A,Fx_eV_A,Fy_eV_A,Fz_eV_A
tau79,1,Sr,3.625673899358129e-05,9.418870238549922e-05,10.752608668692858,-0.0060240947068928505,0.0033894852975231947,0.2889680840691346
tau79,2,Sr,2.758566793772387,3.5468407141263896,14.64522241479624,0.9039034551395724,0.5290646392485469,3.0635558057383627
tau79,3,Ti,1.9704725807333965,1.9705746513355633,12.382121693645649,-0.6202231018319383,-0.7552006184828091,-1.574533548669153
tau79,4,Ti,0.7879156880089462,1.5763157187594479,16.28444791075443,0.17171292439869137,0.015601453982682808,0.03865936424341084
tau79,5,O,9.064184748395322e-06,1.970505290617489,12.450014407886075,-1.946467275098241,0.6068605644821032,-2.078088987903002
tau79,6,O,2.7588529067344454,1.5763835030975664,16.392568265098216,-0.013779056061963365,-0.04776132654467903,-0.18390843802361875
tau79,7,O,1.970493861862806,3.9409329445221326,12.449090649231717,0.04575663740982442,-0.31489174591343194,-0.7741347363831507
tau79,8,O,0.7882865313936522,3.5468592365908753,16.379554854464445,0.0497215355948434,0.004083168930438129,-0.03140551089447495
tau79,9,O,1.9704343535194577,1.9703858798358034,10.491769412378265,-0.2840611336858204,-0.0884210090475703,0.2546330582326905
tau79,10,O,0.7882565801744836,1.5763318766539993,14.447921123092952,1.6994601088419248,0.04727513093687987,0.9962551667001164
