tau,global_step,atom_index,species,x_A,y_A,z_A,Fx_eV_A,Fy_eV_A,Fz_eV_A,source_file
tau85,0,1,Sr,3.625673899358129e-05,9.418870238549922e-05,10.341876171479019,-0.0006065232357473425,-5.0907842593460714e-05,0.2919083976443811,sto_bi_tau85.vertical_relax_restart1.out
tau85,0,2,Sr,3.1526617828330536,1.9704607578837248,15.224964124448704,0.2576019110530273,-0.00011775652478689397,0.25353545429313756,sto_bi_tau85.vertical_relax_restart1.out
tau85,0,3,Ti,1.9704725807333965,1.9705746513355633,11.844120948854535,-0.168473077305155,3.342434109671663e-05,-0.16538183997434097,sto_bi_tau85.vertical_relax_restart1.out
tau85,0,4,Ti,1.1820106770696124,3.9408856531234453,16.719306903198568,0.005144006094784689,8.921727969662053e-05,-0.14305412301141812,sto_bi_tau85.vertical_relax_restart1.out
tau85,0,5,O,9.064184748395322e-06,1.970505290617489,12.072804024536724,-0.23831863734338316,-0.00019386117836095644,-0.2114117856502101,sto_bi_tau85.vertical_relax_restart1.out
tau85,0,6,O,3.1529478957951116,3.546854901545996e-06,16.838039841502766,-0.0050704725443719125,-6.6848682193433255e-06,0.09666345156202062,sto_bi_tau85.vertical_relax_restart1.out
tau85,0,7,O,1.970493861862806,3.9409329445221326,11.876535261704774,0.1132987461258565,-0.00013266892312235217,0.1095989286767661,sto_bi_tau85.vertical_relax_restart1.out
tau85,0,8,O,1.1823815204543187,1.9704792803482105,16.832210782519567,-0.02127253622553111,-7.404777104503376e-05,0.08793198522629372,sto_bi_tau85.vertical_relax_restart1.out
tau85,0,9,O,1.9704343535194577,1.9703858798358034,10.020488161045144,-0.019743758285830512,0.00037126729648968317,-0.14503927176224699,sto_bi_tau85.vertical_relax_restart1.out
tau85,0,10,O,1.1823515692351498,3.9409018110179965,14.90497278665606,0.07744059877666663,8.201819084502003e-05,-0.1747511970043829,sto_bi_tau85.vertical_relax_restart1.out
tau85,1,1,Sr,3.61212e-05,9.43054e-05,10.3478842728,-0.0003743526202832262,-6.222069650311866e-05,0.23411591211594518,sto_bi_tau85.vertical_relax_restart1.out
tau85,1,2,Sr,3.1526619275,1.9704609347,15.230182541,0.25298780931978365,-0.0001246985033223659,0.20649223686140566,sto_bi_tau85.vertical_relax_restart1.out
tau85,1,3,Ti,1.9704726886,1.9705745045,11.8407172822,-0.1663462607701393,1.3626846754815243e-05,-0.1485377718338087,sto_bi_tau85.vertical_relax_restart1.out
tau85,1,4,Ti,1.1820107722,3.94088573,16.7163627781,0.0047477990976305335,0.0001049010089804645,-0.11185918546585252,sto_bi_tau85.vertical_relax_restart1.out
tau85,1,5,O,9.0208e-06,1.970505213,12.0684526911,-0.23580538400322615,-0.00019180429583192773,-0.20301379139450199,sto_bi_tau85.vertical_relax_restart1.out
tau85,1,6,O,3.1529479114,3.6085e-06,16.8400294202,-0.004888952661185128,2.056882529028716e-06,0.07397475171525325,sto_bi_tau85.vertical_relax_restart1.out
tau85,1,7,O,1.9704940097,3.9409331234,11.8787911927,0.11410247297407446,-0.00012032762794817988,0.10141125065965113,sto_bi_tau85.vertical_relax_restart1.out
tau85,1,8,O,1.182381436,1.9704793643,16.8340206176,-0.02076551468212553,-6.864845440633339e-05,0.06725054561754223,sto_bi_tau85.vertical_relax_restart1.out
tau85,1,9,O,1.9704341934,1.970385955,10.0175030354,-0.019706477289991867,0.0003704959655412974,-0.10202240188108881,sto_bi_tau85.vertical_relax_restart1.out
tau85,1,10,O,1.1823515838,3.9409018013,14.9013761318,0.07604886063546257,7.636176389019106e-05,-0.11781180350486163,sto_bi_tau85.vertical_relax_restart1.out
tau85,2,1,Sr,3.61212e-05,9.43054e-05,10.3544930459,-8.124685989663426e-05,-5.8878262393446985e-05,0.17273185258150894,sto_bi_tau85.vertical_relax_restart1.out
tau85,2,2,Sr,3.1526619275,1.9704609347,15.2360060393,0.24760083397625748,-0.00012289873110946578,0.15618988906242778,sto_bi_tau85.vertical_relax_restart1.out
tau85,2,3,Ti,1.9704726886,1.9705745045,11.8365519785,-0.16392556714378864,6.427757903214736e-06,-0.11754723698956529,sto_bi_tau85.vertical_relax_restart1.out
tau85,2,4,Ti,1.1820107722,3.94088573,16.7132001372,0.004348763886998962,0.00010412967803207874,-0.0701738899119243,sto_bi_tau85.vertical_relax_restart1.out
tau85,2,5,O,9.0208e-06,1.970505213,12.0627802152,-0.2324835187188448,-0.0001871763101416131,-0.1913456110279543,sto_bi_tau85.vertical_relax_restart1.out
tau85,2,6,O,3.1529479114,3.6085e-06,16.8421238178,-0.004714888977166073,-5.913537270957557e-06,0.05082762417482859,sto_bi_tau85.vertical_relax_restart1.out
tau85,2,7,O,1.9704940097,3.9409331234,11.8816303432,0.11499618843293744,-0.00011261431846432219,0.08975104071290349,sto_bi_tau85.vertical_relax_restart1.out
tau85,2,8,O,1.182381436,1.9704793643,16.8359247157,-0.020189844684313618,-7.584754325793388e-05,0.04597749517137888,sto_bi_tau85.vertical_relax_restart1.out
tau85,2,9,O,1.9704341934,1.970385955,10.0145981487,-0.01968745112659835,0.00037923771628966944,-0.07095704793485198,sto_bi_tau85.vertical_relax_restart1.out
tau85,2,10,O,1.1823515838,3.9409018013,14.8980115213,0.07413673121441425,7.353355041277658e-05,-0.06545385872843566,sto_bi_tau85.vertical_relax_restart1.out
tau85,3,1,Sr,3.61212e-05,9.43054e-05,10.3642298298,0.0003067326071414072,-6.479179966440454e-05,0.08119466650246016,sto_bi_tau85.vertical_relax_restart1.out
tau85,3,2,Sr,3.1526619275,1.9704609347,15.2447294721,0.23938667359658125,-0.0001241842826901087,0.08341250008938537,sto_bi_tau85.vertical_relax_restart1.out
tau85,3,3,Ti,1.9704726886,1.9705745045,11.830133586,-0.1602925983768917,-1.0798633277400758e-05,-0.06748400178458701,sto_bi_tau85.vertical_relax_restart1.out
tau85,3,4,Ti,1.1820107722,3.94088573,16.7090152152,0.0037959767073224944,0.000112100097832065,-0.010598601451452715,sto_bi_tau85.vertical_relax_restart1.out
tau85,3,5,O,9.0208e-06,1.970505213,12.0528670555,-0.2269420200753253,-0.00018100566255452698,-0.16605238367880437,sto_bi_tau85.vertical_relax_restart1.out
tau85,3,6,O,3.1529479114,3.6085e-06,16.8450699958,-0.00446574908083747,-7.970419799986272e-06,0.02138463632336317,sto_bi_tau85.vertical_relax_restart1.out
tau85,3,7,O,1.9704940097,3.9409331234,11.8863696189,0.11642392201839948,-0.00010027302329014989,0.07056469759243976,sto_bi_tau85.vertical_relax_restart1.out
tau85,3,8,O,1.182381436,1.9704793643,16.838594353,-0.01936709167270213,-7.379066072890518e-05,0.01906575838219942,sto_bi_tau85.vertical_relax_restart1.out
tau85,3,9,O,1.9704341934,1.970385955,10.0104614119,-0.019674338500475792,0.00037949482660579805,-0.03473046150264986,sto_bi_tau85.vertical_relax_restart1.out
tau85,3,10,O,1.1823515838,3.9409018013,14.8938494247,0.07082874988710382,7.147666788374786e-05,0.0032429324173298985,sto_bi_tau85.vertical_relax_restart1.out
tau85,4,1,Sr,3.61212e-05,9.43054e-05,10.3759272841,0.0007967848696824988,-7.199088851600504e-05,-0.033335638037652264,sto_bi_tau85.vertical_relax_restart1.out
tau85,4,2,Sr,3.1526619275,1.9704609347,15.255608903,0.22904775356441842,-0.00012649827553526602,-0.0026945161130276173,sto_bi_tau85.vertical_relax_restart1.out
tau85,4,3,Ti,1.9704726886,1.9705745045,11.8219837062,-0.1558499892245058,-3.033901730317355e-05,-0.009947855241331256,sto_bi_tau85.vertical_relax_restart1.out
tau85,4,4,Ti,1.1820107722,3.94088573,16.7048784638,0.0030819813594334016,0.00012007051763205128,0.056844005572237594,sto_bi_tau85.vertical_relax_restart1.out
tau85,4,5,O,9.0208e-06,1.970505213,12.037997316,-0.21911532494205488,-0.00017252102212228352,-0.11940305925138146,sto_bi_tau85.vertical_relax_restart1.out
tau85,4,6,O,3.1529479114,3.6085e-06,16.848529432,-0.0041775284164573216,-1.1312853909657936e-05,-0.006488178827504955,sto_bi_tau85.vertical_relax_restart1.out
tau85,4,7,O,1.9704940097,3.9409331234,11.8931663672,0.11837410376623486,-8.278952179340582e-05,0.04394735211522754,sto_bi_tau85.vertical_relax_restart1.out
tau85,4,8,O,1.182381436,1.9704793643,16.8417186079,-0.018392129353942518,-7.507621230954813e-05,-0.0060294940235315515,sto_bi_tau85.vertical_relax_restart1.out
tau85,4,9,O,1.9704341934,1.970385955,10.0053721417,-0.01976664110396596,0.0003820659297670839,0.0027068574082017897,sto_bi_tau85.vertical_relax_restart1.out
tau85,4,10,O,1.1823515838,3.9409018013,14.890137741,0.06600124659147343,6.813423377407621e-05,0.07440001217812993,sto_bi_tau85.vertical_relax_restart1.out
tau85,5,1,Sr,3.61212e-05,9.43054e-05,10.3785409329,0.0009253400277467934,-7.327644009664799e-05,-0.06282927662139501,sto_bi_tau85.vertical_relax_restart1.out
tau85,5,2,Sr,3.1526619275,1.9704609347,15.2586963399,0.22571740363960482,-0.00012624116521913742,-0.021565641985917698,sto_bi_tau85.vertical_relax_restart1.out
tau85,5,3,Ti,1.9704726886,1.9705745045,11.8194419839,-0.1546757664107465,-3.7538106154774063e-05,0.002398582139163611,sto_bi_tau85.vertical_relax_restart1.out
tau85,5,4,Ti,1.1820107722,3.94088573,16.7049484784,0.0028562385018725,0.0001195562969997941,0.06776373780853491,sto_bi_tau85.vertical_relax_restart1.out
tau85,5,5,O,9.0208e-06,1.970505213,12.0311363875,-0.21586185100176375,-0.00016840725706422608,-0.094264869422857,sto_bi_tau85.vertical_relax_restart1.out
tau85,5,6,O,3.1529479114,3.6085e-06,16.8494260096,-0.004085997143915544,-1.0284412645143578e-05,-0.006176046903724847,sto_bi_tau85.vertical_relax_restart1.out
tau85,5,7,O,1.9704940097,3.9409331234,11.8960809738,0.11909786930613682,-7.841864641921978e-05,0.03200972013737713,sto_bi_tau85.vertical_relax_restart1.out
tau85,5,8,O,1.182381436,1.9704793643,16.8425264957,-0.018102880248297853,-7.404777104503376e-05,-0.004966857086972091,sto_bi_tau85.vertical_relax_restart1.out
tau85,5,9,O,1.9704341934,1.970385955,10.0038825291,-0.019876427208952867,0.0003812945988186982,0.00648715038624044,sto_bi_tau85.vertical_relax_restart1.out
tau85,5,10,O,1.1823515838,3.9409018013,14.890639832,0.06400581342799945,6.762001314181902e-05,0.08114324443923446,sto_bi_tau85.vertical_relax_restart1.out
tau85,6,1,Sr,3.61212e-05,9.43054e-05,10.3793784939,0.000973162546546711,-7.584754325793388e-05,-0.07865313102752905,sto_bi_tau85.vertical_relax_restart1.out
tau85,6,2,Sr,3.1526619275,1.9704609347,15.260830296,0.22294395465952574,-0.00012624116521913742,-0.028316844666822202,sto_bi_tau85.vertical_relax_restart1.out
tau85,6,3,Ti,1.9704726886,1.9705745045,11.8173951438,-0.15387358222442532,-3.9852098999931365e-05,0.006363223213866461,sto_bi_tau85.vertical_relax_restart1.out
tau85,6,4,Ti,1.1820107722,3.94088573,16.7063963208,0.0027078858494663043,0.0001190420763675369,0.06631337851525353,sto_bi_tau85.vertical_relax_restart1.out
tau85,6,5,O,9.0208e-06,1.970505213,12.0235893661,-0.2125379288348533,-0.00016686459516745454,-0.0652402000557328,sto_bi_tau85.vertical_relax_restart1.out
tau85,6,6,O,3.1529479114,3.6085e-06,16.8501109769,-0.004023262226780168,-1.0798633277400758e-05,0.0019568666160546945,sto_bi_tau85.vertical_relax_restart1.out
tau85,6,7,O,1.9704940097,3.9409331234,11.8991265152,0.11975710015669053,-7.456199167729095e-05,0.018489831274071382,sto_bi_tau85.vertical_relax_restart1.out
tau85,6,8,O,1.182381436,1.9704793643,16.843162132,-0.01788665047243371,-7.559043294180529e-05,0.0035023567263036456,sto_bi_tau85.vertical_relax_restart1.out
tau85,6,9,O,1.9704341934,1.970385955,10.002690214,-0.020042006252539678,0.0003812945988186982,0.0026515786902341428,sto_bi_tau85.vertical_relax_restart1.out
tau85,6,10,O,1.1823515838,3.9409018013,14.8926405042,0.06198132679880293,6.916267503859056e-05,0.07293319782461634,sto_bi_tau85.vertical_relax_restart1.out
tau85,7,1,Sr,3.61212e-05,9.43054e-05,10.3781863261,0.0009636494648499534,-7.867575673534838e-05,-0.08367063884677849,sto_bi_tau85.vertical_relax_restart1.out
tau85,7,2,Sr,3.1526619275,1.9704609347,15.262762676,0.21968251029943453,-0.0001259840549030088,-0.022740121909993093,sto_bi_tau85.vertical_relax_restart1.out
tau85,7,3,Ti,1.9704726886,1.9705745045,11.8149825384,-0.15322000780082642,-4.1908981528960084e-05,0.002550791446311736,sto_bi_tau85.vertical_relax_restart1.out
tau85,7,4,Ti,1.1820107722,3.94088573,16.7100913677,0.0025052829203569757,0.00012084184858043704,0.050959521767002566,sto_bi_tau85.vertical_relax_restart1.out
tau85,7,5,O,9.0208e-06,1.970505213,12.0122688341,-0.20781018434188078,-0.00016377927137391148,-0.021961334762439597,sto_bi_tau85.vertical_relax_restart1.out
tau85,7,6,O,3.1529479114,3.6085e-06,16.8511140273,-0.0039433009184641765,-1.1055743593529346e-05,0.020452097206764778,sto_bi_tau85.vertical_relax_restart1.out
tau85,7,7,O,1.9704940097,3.9409331234,11.9034591175,0.12058036738893425,-6.993400598697633e-05,-0.0031663135431235796,sto_bi_tau85.vertical_relax_restart1.out
tau85,7,8,O,1.182381436,1.9704793643,16.8441445959,-0.01764059589989865,-7.867575673534838e-05,0.022002472413020172,sto_bi_tau85.vertical_relax_restart1.out
tau85,7,9,O,1.9704341934,1.970385955,10.0011579084,-0.02030554432657148,0.0003797519369219266,-0.010545379616014098,sto_bi_tau85.vertical_relax_restart1.out
tau85,7,10,O,1.1823515838,3.9409018013,14.8971525714,0.05918756610374967,6.916267503859056e-05,0.04611916295556573,sto_bi_tau85.vertical_relax_restart1.out
tau85,8,1,Sr,3.61212e-05,9.43054e-05,10.3737560149,0.000827895217934058,-7.918997736760557e-05,-0.06626504177582135,sto_bi_tau85.vertical_relax_restart1.out
tau85,8,2,Sr,3.1526619275,1.9704609347,15.2635867754,0.21709160964380675,-0.00012444139300623732,0.0005923821683602701,sto_bi_tau85.vertical_relax_restart1.out
tau85,8,3,Ti,1.9704726886,1.9705745045,11.812919851,-0.15301663354076875,-4.1908981528960084e-05,-0.011936089315953637,sto_bi_tau85.vertical_relax_restart1.out
tau85,8,4,Ti,1.1820107722,3.94088573,16.7157509462,0.0024137516478151978,0.00011467120099335088,0.022277066230645504,sto_bi_tau85.vertical_relax_restart1.out
tau85,8,5,O,9.0208e-06,1.970505213,12.0004701811,-0.20315443073742434,-0.00016249371979326852,0.02015436346068787,sto_bi_tau85.vertical_relax_restart1.out
tau85,8,6,O,3.1529479114,3.6085e-06,16.8526699143,-0.003890593303657816,-9.51308169675781e-06,0.04331100408280928,sto_bi_tau85.vertical_relax_restart1.out
tau85,8,7,O,1.9704940097,3.9409331234,11.9075133652,0.12116606468907519,-6.684868219343326e-05,-0.0284831950413574,sto_bi_tau85.vertical_relax_restart1.out
tau85,8,8,O,1.182381436,1.9704793643,16.8457421844,-0.01745547647228607,-8.073263926437708e-05,0.04434947264965265,sto_bi_tau85.vertical_relax_restart1.out
tau85,8,9,O,1.9704341934,1.970385955,9.9994268115,-0.02058322346799036,0.0003789806059735409,-0.03026702641465755,sto_bi_tau85.vertical_relax_restart1.out
tau85,8,10,O,1.1823515838,3.9409018013,14.903483919,0.05660129343381219,7.147666788374786e-05,0.0062670639556343674,sto_bi_tau85.vertical_relax_restart1.out
tau85,9,1,Sr,3.61212e-05,9.43054e-05,10.3699258856,0.0006900840884891341,-7.79044257869626e-05,-0.0446088969586264,sto_bi_tau85.vertical_relax_restart1.out
tau85,9,2,Sr,3.1526619275,1.9704609347,15.2633506692,0.2166943742053881,-0.0001241842826901087,0.0183929006848909,sto_bi_tau85.vertical_relax_restart1.out
tau85,9,3,Ti,1.9704726886,1.9705745045,11.8122796644,-0.15310096572445892,-4.062342994831713e-05,-0.022555516703012767,sto_bi_tau85.vertical_relax_restart1.out
tau85,9,4,Ti,1.1820107722,3.94088573,16.7186508482,0.002511967788576319,0.00011364275972883654,0.008502638154372454,sto_bi_tau85.vertical_relax_restart1.out
tau85,9,5,O,9.0208e-06,1.970505213,11.9972128142,-0.2019688950697554,-0.00016326505074165432,0.026800408022295778,sto_bi_tau85.vertical_relax_restart1.out
tau85,9,6,O,3.1529479114,3.6085e-06,16.8540631466,-0.0038918788552384587,-8.99886106450063e-06,0.04825626390322657,sto_bi_tau85.vertical_relax_restart1.out
tau85,9,7,O,1.9704940097,3.9409331234,11.9080045447,0.12101051294781742,-6.762001314181902e-05,-0.03854237904957233,sto_bi_tau85.vertical_relax_restart1.out
tau85,9,8,O,1.182381436,1.9704793643,16.8471933339,-0.01742745144782805,-8.073263926437708e-05,0.04881547884080625,sto_bi_tau85.vertical_relax_restart1.out
tau85,9,9,O,1.9704341934,1.970385955,9.9983586589,-0.02063387420026769,0.0003782092750251551,-0.037135214289400566,sto_bi_tau85.vertical_relax_restart1.out
tau85,9,10,O,1.1823515838,3.9409018013,14.906280397,0.05611612626727755,7.199088851600504e-05,-0.007925682604979898,sto_bi_tau85.vertical_relax_restart1.out
tau85,10,1,Sr,3.61212e-05,9.43054e-05,10.3657127435,0.0005425027670313238,-7.687598452244825e-05,-0.022232329035639133,sto_bi_tau85.vertical_relax_restart1.out
tau85,10,2,Sr,3.1526619275,1.9704609347,15.2634446288,0.21630716606929845,-0.00012367006205785152,0.03446512365640516,sto_bi_tau85.vertical_relax_restart1.out
tau85,10,3,Ti,1.9704726886,1.9705745045,11.8113342504,-0.15304414434459448,-3.7538106154774063e-05,-0.031199051310623685,sto_bi_tau85.vertical_relax_restart1.out
tau85,10,4,Ti,1.1820107722,3.94088573,16.7213530126,0.002657235117188972,0.00011312853909657937,-0.00027433670730920494,sto_bi_tau85.vertical_relax_restart1.out
tau85,10,5,O,9.0208e-06,1.970505213,11.995019181,-0.20113148677012455,-0.00016506482295455444,0.025955800633813364,sto_bi_tau85.vertical_relax_restart1.out
tau85,10,6,O,3.1529479114,3.6085e-06,16.8561377442,-0.0038923930758707156,-8.741750748372042e-06,0.04706018671259637,sto_bi_tau85.vertical_relax_restart1.out
tau85,10,7,O,1.9704940097,3.9409331234,11.9075845541,0.12058756647778587,-6.916267503859056e-05,-0.04736666220942165,sto_bi_tau85.vertical_relax_restart1.out
tau85,10,8,O,1.182381436,1.9704793643,16.8493312791,-0.01737860048776362,-8.02184186321199e-05,0.04720571115152515,sto_bi_tau85.vertical_relax_restart1.out
tau85,10,9,O,1.9704341934,1.970385955,9.9967892423,-0.020607906058338704,0.00037640950281225496,-0.04011075197795673,sto_bi_tau85.vertical_relax_restart1.out
tau85,10,10,O,1.1823515838,3.9409018013,14.908613327,0.05596006030538749,7.199088851600504e-05,-0.013504205134021905,sto_bi_tau85.vertical_relax_restart1.out
tau85,11,1,Sr,3.61212e-05,9.43054e-05,10.3593930302,0.0003458133751929528,-7.559043294180529e-05,0.006759687321336745,sto_bi_tau85.vertical_relax_restart1.out
tau85,11,2,Sr,3.1526619275,1.9704609347,15.264524356,0.21515993983873266,-0.00012315584142559433,0.053373273414817755,sto_bi_tau85.vertical_relax_restart1.out
tau85,11,3,Ti,1.9704726886,1.9705745045,11.8091301448,-0.1525234959544341,-3.7280995838645475e-05,-0.04000019454202144,sto_bi_tau85.vertical_relax_restart1.out
tau85,11,4,Ti,1.1820107722,3.94088573,16.7253376644,0.0028109870862338686,0.00011107165656755065,-0.007534360703832185,sto_bi_tau85.vertical_relax_restart1.out
tau85,11,5,O,9.0208e-06,1.970505213,11.9916898011,-0.1996998965299206,-0.00016635037453519738,0.021413432678769575,sto_bi_tau85.vertical_relax_restart1.out
tau85,11,6,O,3.1529479114,3.6085e-06,16.8600833002,-0.0038813373322771866,-7.970419799986272e-06,0.04008632649792451,sto_bi_tau85.vertical_relax_restart1.out
tau85,11,7,O,1.9704940097,3.9409331234,11.9062556601,0.11971339140294866,-7.121955756761928e-05,-0.05998769340754184,sto_bi_tau85.vertical_relax_restart1.out
tau85,11,8,O,1.182381436,1.9704793643,16.8533655727,-0.017225105629034853,-7.867575673534838e-05,0.0397849932074218,sto_bi_tau85.vertical_relax_restart1.out
tau85,11,9,O,1.9704341934,1.970385955,9.993642956,-0.020487321320074393,0.00037743794407676934,-0.040150604076956656,sto_bi_tau85.vertical_relax_restart1.out
tau85,11,10,O,1.1823515838,3.9409018013,14.9118974773,0.05578702506263296,7.173377819987646e-05,-0.013744603279602136,sto_bi_tau85.vertical_relax_restart1.out
tau85,12,1,Sr,3.61212e-05,9.43054e-05,10.3499134603,7.79044257869626e-05,-7.456199167729095e-05,0.042296960995998126,sto_bi_tau85.vertical_relax_restart1.out
tau85,12,2,Sr,3.1526619275,1.9704609347,15.2676722513,0.21242300052354388,-0.00012212740016108,0.07408376648929177,sto_bi_tau85.vertical_relax_restart1.out
tau85,12,3,Ti,1.9704726886,1.9705745045,11.8045523709,-0.15114281355682357,-2.956768635478779e-05,-0.04814750623950418,sto_bi_tau85.vertical_relax_restart1.out
tau85,12,4,Ti,1.1820107722,3.94088573,16.7315241529,0.003100236191878532,0.0001046438986643359,-0.011203324914987158,sto_bi_tau85.vertical_relax_restart1.out
tau85,12,5,O,9.0208e-06,1.970505213,11.9859552936,-0.1970251779112349,-0.00016943569832874044,0.013116225666983863,sto_bi_tau85.vertical_relax_restart1.out
tau85,12,6,O,3.1529479114,3.6085e-06,16.8671407484,-0.00384971276339337,-7.456199167729094e-06,0.02503406015049237,sto_bi_tau85.vertical_relax_restart1.out
tau85,12,7,O,1.9704940097,3.9409331234,11.90330748,0.11804345989969349,-7.430488136116236e-05,-0.07751336099613101,sto_bi_tau85.vertical_relax_restart1.out
tau85,12,8,O,1.182381436,1.9704793643,16.8605475223,-0.016897032865654773,-7.610465357406248e-05,0.024275070497280775,sto_bi_tau85.vertical_relax_restart1.out
tau85,12,9,O,1.9704341934,1.970385955,9.9877474423,-0.020209642178655514,0.00037718083376064073,-0.035705423821409475,sto_bi_tau85.vertical_relax_restart1.out
tau85,12,10,O,1.1823515838,3.9409018013,14.9169592408,0.05548003534517541,7.173377819987646e-05,-0.006236724938331195,sto_bi_tau85.vertical_relax_restart1.out
tau85,13,1,Sr,3.61212e-05,9.43054e-05,10.3356941055,-0.00023088506388347334,-7.044822661923351e-05,0.08119466650246016,sto_bi_tau85.vertical_relax_restart1.out
tau85,13,2,Sr,3.1526619275,1.9704609347,15.2749290703,0.2067400912061536,-0.00012341295174172294,0.09360718123420007,sto_bi_tau85.vertical_relax_restart1.out
tau85,13,3,Ti,1.9704726886,1.9705745045,11.7956009682,-0.14807677303699013,-2.93105760386592e-05,-0.05349180127055304,sto_bi_tau85.vertical_relax_restart1.out
tau85,13,4,Ti,1.1820107722,3.94088573,16.7414772878,0.0034226525283037827,0.00010155857487079283,-0.007817182051573635,sto_bi_tau85.vertical_relax_restart1.out
tau85,13,5,O,9.0208e-06,1.970505213,11.9757550576,-0.1920110125260951,-0.00017174969117389778,0.0007422774826632378,sto_bi_tau85.vertical_relax_restart1.out
tau85,13,6,O,3.1529479114,3.6085e-06,16.8793650733,-0.003777721874877365,-6.6848682193433255e-06,-0.0011006892633464913,sto_bi_tau85.vertical_relax_restart1.out
tau85,13,7,O,1.9704940097,3.9409331234,11.897217354,0.11495453656172461,-7.584754325793388e-05,-0.0999709186686988,sto_bi_tau85.vertical_relax_restart1.out
tau85,13,8,O,1.182381436,1.9704793643,16.8729474074,-0.016243201331739766,-7.173377819987646e-05,-0.002125016762802792,sto_bi_tau85.vertical_relax_restart1.out
tau85,13,9,O,1.9704341934,1.970385955,9.97708725,-0.01966739652194032,0.00037718083376064073,-0.024285612020242046,sto_bi_tau85.vertical_relax_restart1.out
tau85,13,10,O,1.1823515838,3.9409018013,14.9252463887,0.05488971005934418,7.07053369353621e-05,0.013247094817893315,sto_bi_tau85.vertical_relax_restart1.out
tau85,14,1,Sr,3.61212e-05,9.43054e-05,10.3156367763,-0.00041291916770251467,-6.787712345794761e-05,0.11306760395165688,sto_bi_tau85.vertical_relax_restart1.out
tau85,14,2,Sr,3.1526619275,1.9704609347,15.289402464,0.1963682610535263,-0.00012289873110946578,0.10271068619736504,sto_bi_tau85.vertical_relax_restart1.out
tau85,14,3,Ti,1.9704726886,1.9705745045,11.779548325,-0.14220154520313574,-3.136745856768791e-05,-0.0519797355014008,sto_bi_tau85.vertical_relax_restart1.out
tau85,14,4,Ti,1.1820107722,3.94088573,16.757107546,0.0033707162444458075,9.590214791596386e-05,0.007157179870071545,sto_bi_tau85.vertical_relax_restart1.out
tau85,14,5,O,9.0208e-06,1.970505213,11.9583535857,-0.1832260672446135,-0.00017380657370292646,-0.014027681737659711,sto_bi_tau85.vertical_relax_restart1.out
tau85,14,6,O,3.1529479114,3.6085e-06,16.8989278138,-0.003540923273722934,-5.913537270957557e-06,-0.03781527107556068,sto_bi_tau85.vertical_relax_restart1.out
tau85,14,7,O,1.9704940097,3.9409331234,11.8855642799,0.10964160898924342,-7.610465357406248e-05,-0.12293832609814956,sto_bi_tau85.vertical_relax_restart1.out
tau85,14,8,O,1.182381436,1.9704793643,16.8927498861,-0.015113201492354619,-6.582024092891891e-05,-0.03849198542761112,sto_bi_tau85.vertical_relax_restart1.out
tau85,14,9,O,1.9704341934,1.970385955,9.9592442198,-0.01869809063013554,0.0003779521647090265,-0.004022748006147911,sto_bi_tau85.vertical_relax_restart1.out
tau85,14,10,O,1.1823515838,3.9409018013,14.9387850662,0.053811903614133134,6.967689567084774e-05,0.046340534937752455,sto_bi_tau85.vertical_relax_restart1.out
tau85,15,1,Sr,3.61212e-05,9.43054e-05,10.2952782315,-0.0005653855851667683,-6.787712345794761e-05,0.11572535328947811,sto_bi_tau85.vertical_relax_restart1.out
tau85,15,2,Sr,3.1526619275,1.9704609347,15.3094933328,0.18333482490833589,-0.00012264162079333717,0.09025600537378003,sto_bi_tau85.vertical_relax_restart1.out
tau85,15,3,Ti,1.9704726886,1.9705745045,11.7589338545,-0.13428820389333002,-3.7795216470902645e-05,-0.037752536158425304,sto_bi_tau85.vertical_relax_restart1.out
tau85,15,4,Ti,1.1820107722,3.94088573,16.7755971073,0.0034743317018456287,9.281682412242079e-05,0.024236246839545356,sto_bi_tau85.vertical_relax_restart1.out
tau85,15,5,O,9.0208e-06,1.970505213,11.9366640858,-0.17244517457902558,-0.0001732923530706693,-0.02306510934957963,sto_bi_tau85.vertical_relax_restart1.out
tau85,15,6,O,3.1529479114,3.6085e-06,16.9212424519,-0.003338834565245863,-6.170647587086146e-06,-0.06721557861454876,sto_bi_tau85.vertical_relax_restart1.out
tau85,15,7,O,1.9704940097,3.9409331234,11.869245115,0.10292125954627435,-7.301932978051941e-05,-0.13111006327566452,sto_bi_tau85.vertical_relax_restart1.out
tau85,15,8,O,1.182381436,1.9704793643,16.9153207265,-0.013815565726853626,-6.144936555473289e-05,-0.06689187672654286,sto_bi_tau85.vertical_relax_restart1.out
tau85,15,9,O,1.9704341934,1.970385955,9.9378314562,-0.0175421226488214,0.0003800090472380552,0.01695539690741596,sto_bi_tau85.vertical_relax_restart1.out
tau85,15,10,O,1.1823515838,3.9409018013,14.9557136012,0.05226435662135516,6.916267503859056e-05,0.07886190460422547,sto_bi_tau85.vertical_relax_restart1.out
tau85,16,1,Sr,3.61212e-05,9.43054e-05,10.2762905681,-0.0005643571439022539,-6.941978535471916e-05,0.08350428847224328,sto_bi_tau85.vertical_relax_restart1.out
tau85,16,2,Sr,3.1526619275,1.9704609347,15.3343212572,0.16913642192076678,-0.00012341295174172294,0.05561578959209132,sto_bi_tau85.vertical_relax_restart1.out
tau85,16,3,Ti,1.9704726886,1.9705745045,11.7350449172,-0.1251754429587844,-4.962229101281777e-05,-0.013179217694435369,sto_bi_tau85.vertical_relax_restart1.out
tau85,16,4,Ti,1.1820107722,3.94088573,16.7962131173,0.003320579732800733,9.744480981273541e-05,0.037614467918664254,sto_bi_tau85.vertical_relax_restart1.out
tau85,16,5,O,9.0208e-06,1.970505213,11.9123521251,-0.16063326954576204,-0.0001707212499093834,-0.023441004631759632,sto_bi_tau85.vertical_relax_restart1.out
tau85,16,6,O,3.1529479114,3.6085e-06,16.9442726198,-0.003104864177568846,-7.713309483857684e-06,-0.07842353151522623,sto_bi_tau85.vertical_relax_restart1.out
tau85,16,7,O,1.9704940097,3.9409331234,11.8477794877,0.09513750183579744,-6.607735124504749e-05,-0.11431998830151924,sto_bi_tau85.vertical_relax_restart1.out
tau85,16,8,O,1.182381436,1.9704793643,16.9386367225,-0.012457766147378545,-6.042092429021852e-05,-0.07701893785821574,sto_bi_tau85.vertical_relax_restart1.out
tau85,16,9,O,1.9704341934,1.970385955,9.9144578663,-0.016187665503455993,0.00038155170913482675,0.033275217113362045,sto_bi_tau85.vertical_relax_restart1.out
tau85,16,10,O,1.1823515838,3.9409018013,14.9759512816,0.05052886198748717,6.839134409020479e-05,0.09637291690479531,sto_bi_tau85.vertical_relax_restart1.out
tau85,17,1,Sr,3.61212e-05,9.43054e-05,10.2621276101,-0.0004877382696959342,-7.121955756761928e-05,0.02044644077980995,sto_bi_tau85.vertical_relax_restart1.out
tau85,17,2,Sr,3.1526619275,1.9704609347,15.3594633418,0.15679512674659446,-0.00012289873110946578,0.005122923048862145,sto_bi_tau85.vertical_relax_restart1.out
tau85,17,3,Ti,1.9704726886,1.9705745045,11.7124774203,-0.11691705960473413,-7.096244725149069e-05,0.008712697282649512,sto_bi_tau85.vertical_relax_restart1.out
tau85,17,4,Ti,1.1820107722,3.94088573,16.8158490618,0.003234704887213784,0.00010284412645143578,0.04214346613726935,sto_bi_tau85.vertical_relax_restart1.out
tau85,17,5,O,9.0208e-06,1.970505213,11.8905092456,-0.15012799913906402,-0.00016455060232229725,-0.012993584046190526,sto_bi_tau85.vertical_relax_restart1.out
tau85,17,6,O,3.1529479114,3.6085e-06,16.9630340909,-0.002856495612188629,-8.484640432243452e-06,-0.05834938647317048,sto_bi_tau85.vertical_relax_restart1.out
tau85,17,7,O,1.9704940097,3.9409331234,11.823233173,0.08742419235193975,-5.5278717967646735e-05,-0.06291720834951099,sto_bi_tau85.vertical_relax_restart1.out
tau85,17,8,O,1.182381436,1.9704793643,16.9577008402,-0.01126631694243866,-6.29920274515044e-05,-0.05637632190719969,sto_bi_tau85.vertical_relax_restart1.out
tau85,17,9,O,1.9704341934,1.970385955,9.8938460647,-0.01493605248454202,0.00038360859166385546,0.0349430917340882,sto_bi_tau85.vertical_relax_restart1.out
tau85,17,10,O,1.1823515838,3.9409018013,14.9970791145,0.049137638066915366,6.967689567084774e-05,0.07926813890370865,sto_bi_tau85.vertical_relax_restart1.out
tau85,18,1,Sr,3.61212e-05,9.43054e-05,10.2568674456,-0.000418318484341215,-7.224799883213364e-05,-0.012582207540384784,sto_bi_tau85.vertical_relax_restart1.out
tau85,18,2,Sr,3.1526619275,1.9704609347,15.3701067998,0.15225198746060228,-0.00012032762794817988,-0.0169008895203967,sto_bi_tau85.vertical_relax_restart1.out
tau85,18,3,Ti,1.9704726886,1.9705745045,11.7034569521,-0.11371577905861706,-8.356085274179157e-05,0.012872999307926217,sto_bi_tau85.vertical_relax_restart1.out
tau85,18,4,Ti,1.1820107722,3.94088573,16.8252791646,0.0033825433189877225,0.00010130146455466425,0.02878504255249236,sto_bi_tau85.vertical_relax_restart1.out
tau85,18,5,O,9.0208e-06,1.970505213,11.8821323358,-0.1460456015395743,-0.000160951057896497,-0.0032056514214912537,sto_bi_tau85.vertical_relax_restart1.out
tau85,18,6,O,3.1529479114,3.6085e-06,16.9689363269,-0.0027806480689306946,-6.9419785354719155e-06,-0.025728258004039557,sto_bi_tau85.vertical_relax_restart1.out
tau85,18,7,O,1.9704940097,3.9409331234,11.8100820458,0.08377065475975251,-4.910807038056058e-05,-0.019170402280863755,sto_bi_tau85.vertical_relax_restart1.out
tau85,18,8,O,1.182381436,1.9704793643,16.9637944678,-0.010864967738961933,-6.504890998053314e-05,-0.023790160441062257,sto_bi_tau85.vertical_relax_restart1.out
tau85,18,9,O,1.9704341934,1.970385955,9.8864061069,-0.014434687368091267,0.0003859225845090128,0.01930358542461837,sto_bi_tau85.vertical_relax_restart1.out
tau85,18,10,O,1.1823515838,3.9409018013,15.0082583175,0.048854559608857796,7.121955756761928e-05,0.040415941923201366,sto_bi_tau85.vertical_relax_restart1.out
tau85,19,1,Sr,3.61212e-05,9.43054e-05,10.2545272614,-0.00043220244141215885,-7.276221946439081e-05,-0.012810007280474713,sto_bi_tau85.vertical_relax_restart1.out
tau85,19,2,Sr,3.1526619275,1.9704609347,15.3720631716,0.151557532496739,-0.0001213560692126942,-0.014443429118839642,sto_bi_tau85.vertical_relax_restart1.out
tau85,19,3,Ti,1.9704726886,1.9705745045,11.7017117107,-0.11307531726114076,-7.918997736760557e-05,0.00770842438785124,sto_bi_tau85.vertical_relax_restart1.out
tau85,19,4,Ti,1.1820107722,3.94088573,16.8289048755,0.0035010711747230027,0.0001046438986643359,0.011771024492999082,sto_bi_tau85.vertical_relax_restart1.out
tau85,19,5,O,9.0208e-06,1.970505213,11.8803169221,-0.14520433658520154,-0.000160951057896497,0.0006867416543794624,sto_bi_tau85.vertical_relax_restart1.out
tau85,19,6,O,3.1529479114,3.6085e-06,16.9696756737,-0.0027809051792468233,-8.741750748372042e-06,-0.005494190345351828,sto_bi_tau85.vertical_relax_restart1.out
tau85,19,7,O,1.9704940097,3.9409331234,11.8056658498,0.08263782670688995,-4.910807038056058e-05,-0.0008528349185985312,sto_bi_tau85.vertical_relax_restart1.out
tau85,19,8,O,1.182381436,1.9704793643,16.9646528423,-0.010819973433639432,-6.916267503859056e-05,-0.003976982369877022,sto_bi_tau85.vertical_relax_restart1.out
tau85,19,9,O,1.9704341934,1.970385955,9.8851259326,-0.01432181593931082,0.00038360859166385546,0.005600891126545193,sto_bi_tau85.vertical_relax_restart1.out
tau85,19,10,O,1.1823515838,3.9409018013,15.0126757233,0.04893760624096733,7.301932978051941e-05,0.011810619481682886,sto_bi_tau85.vertical_relax_restart1.out
