tau,step,atom_index,species,x_A,y_A,z_A,Fx_raw_eV_A,Fy_raw_eV_A,Fz_raw_eV_A
tau55,0,1,Sr,3.61212e-05,9.43054e-05,9.8913499469,-0.00014449599766426727,-7.687598452244825e-05,0.014205087855788438
tau55,0,2,Sr,1.9703769525,1.9704609347,15.7359495308,-0.0001879476410899989,-0.00012238451047720859,-0.016991135241357834
tau55,0,3,Ti,1.9704726886,1.9705745045,11.3410880474,5.964959334183275e-05,-0.00018177699350291273,0.0010783206658433043
tau55,0,4,Ti,3.940675714,3.94088573,17.1873600064,0.0005854401898247982,0.00012624116521913742,0.015503752062553946
tau55,0,5,O,9.0208e-06,1.970505213,11.4841136082,-2.6739472877373302e-05,-0.00014732421114168175,-0.006915753283226799
tau55,0,6,O,1.9706629364,3.6085e-06,17.3273773662,-0.00047334009199273325,-7.713309483857684e-06,-0.004702290571675772
tau55,0,7,O,1.9704940097,3.9409331234,11.4840921351,-2.7253693509630485e-05,9.7701920128864e-06,-0.0068183084734140635
tau55,0,8,O,9.6461e-05,1.9704793643,17.328351663,0.00024091236621248834,-6.607735124504749e-05,-0.00884588042640412
tau55,0,9,O,1.9704341934,1.970385955,9.5246730406,0.0001488668730384533,0.00038386570197998407,-0.0026346094093696562
tau55,0,10,O,6.66088e-05,3.9409018013,15.3709646183,-0.00017509212528356942,8.253241147727722e-05,0.016121073931578685
tau55,1,1,Sr,3.575494635469003e-05,9.41193806863231e-05,9.89138545961964,-0.00013009781996106627,-7.301932978051941e-05,0.013084858208416176
tau55,1,2,Sr,1.9703764876445484,1.970460622439521,15.735907052961895,-0.00017560634591582658,-0.00011518542162560809,-0.015765747474688976
tau55,1,3,Ti,1.970472832710332,1.970574056228164,11.341090743201665,5.86211520773184e-05,-0.00016686459516745454,0.0002856495612188629
tau55,1,4,Ti,3.940677182614126,3.9408860393037104,17.187398765780156,0.0005147348528894361,0.00010618656056110745,0.015030411970561208
tau55,1,5,O,8.948937666657264e-06,1.9705048508601197,11.48409631881679,-2.4425480032215997e-05,-0.00015040953493522484,-0.006757887549123846
tau55,1,6,O,1.9706617580634211,3.5829175236086666e-06,17.32736561047357,-0.00045534236986373195,-1.2855515806429473e-05,-0.0044582928816697415
tau55,1,7,O,1.9704939365521152,3.940933153996127,11.484075089328815,-1.8769053077387032e-05,4.113765058057432e-06,-0.00667509802733044
tau55,1,8,O,9.706829456663645e-05,1.9704791928074192,17.32832954829893,0.00024091236621248834,-6.762001314181902e-05,-0.00855585998981107
tau55,1,9,O,1.9704345605535314,1.9703869208349025,9.524666454076476,0.00014449599766426727,0.0003902934598831988,-0.0026734330671050735
tau55,1,10,O,6.61760833378963e-05,3.9409020013318257,15.371004920984829,-0.00015452329999328227,8.51035146385631e-05,0.0164853992495329
tau55,2,1,Sr,3.504985614950078e-05,9.374819787561281e-05,9.891453528414738,-0.00012984070964493767,-7.224799883213364e-05,0.013265863870970701
tau55,2,2,Sr,1.9703756011533688,1.9704600259659901,15.735825317711567,-0.00016506482295455444,-0.0001097861049869077,-0.015641306081682738
tau55,2,3,Ti,1.970473107713112,1.9705731900543597,11.341093957666168,5.450738701926097e-05,-0.00017432079433518367,-0.0005083070949862213
tau55,2,4,Ti,3.9406799412252846,3.940886613108541,17.187475125277924,0.0005337610162829518,9.821614076112117e-05,0.014196346105040065
tau55,2,5,O,8.800399889633333e-06,1.9705041076124137,11.484062110145864,-2.0054604658029976e-05,-0.00013883957070943832,-0.00635242458058906
tau55,2,6,O,1.9706594575144847,3.526831077071849e-06,17.3273427277692,-0.00044325818500568826,-9.51308169675781e-06,-0.004159787804644449
tau55,2,7,O,1.9704938024661143,3.9409331906141096,11.484041328364379,-2.5968141928987537e-05,1.0284412645143578e-05,-0.0062835190158665975
tau55,2,8,O,9.829611164144875e-05,1.9704788542805824,17.32828603538079,0.00021571555523188654,-5.913537270957558e-05,-0.008161966985502072
tau55,2,9,O,1.9704352732647348,1.9703888648212413,9.524653148931893,0.0001411535635545956,0.0003704959655412974,-0.0016205663225584994
tau55,2,10,O,6.537669522048426e-05,3.940902418613809,15.371086684458747,-0.0001612081682126256,8.484640432243452e-05,0.015265667909818871
tau55,3,1,Sr,3.400981101123348e-05,9.319800017783356e-05,9.89155499078795,-0.00011672808352237962,-7.944708768373415e-05,0.011743513689173325
tau55,3,2,Sr,1.9703743152586162,1.9704591536425444,15.735704357063108,-0.00013112626122558063,-0.00010027302329014989,-0.014387121959607481
tau55,3,3,Ti,1.970473508394348,1.970571885046571,11.341095310326349,4.602274658701752e-05,-0.00015169508651586777,-0.001307148847197749
tau55,3,4,Ti,3.940684053622532,3.9408874243590994,17.187586868987704,0.0004967371307604348,9.204549317403503e-05,0.01211760919914042
tau55,3,5,O,8.593944304457317e-06,1.9705030207593,11.484012072153902,-2.1083045922544333e-05,-0.00013806823976105254,-0.00542477055999711
tau55,3,6,O,1.9706560559393151,3.4447202304189337e-06,17.327309527644825,-0.0004211466978186295,-1.7483501496744084e-05,-0.003227248688046055
tau55,3,7,O,1.9704935910969297,3.9409332575407556,11.48399190211752,-2.4682590348344586e-05,1.2855515806429473e-05,-0.005338381493777903
tau55,3,8,O,0.00010006699922771808,1.9704783675995512,17.328222139985808,0.00018897608235451325,-6.402046871601877e-05,-0.007113471116329685
tau55,3,9,O,1.9704363304534067,1.9703917399531954,9.524636263388434,0.00013935379134169548,0.0003684390830122687,-0.0006774856829988332
tau55,3,10,O,6.418088030913693e-05,3.9409030484785745,15.37120653218631,-0.00015658018252231098,7.79044257869626e-05,0.01361424834932494
tau55,4,1,Sr,3.266343752513637e-05,9.242590409986286e-05,9.89168603128471,-0.00015040953493522484,-8.150397021276287e-05,0.012046389641572801
tau55,4,2,Sr,1.9703727300521774,1.970458037362902,15.735546825680128,-0.00012058473826430845,-8.921727969662053e-05,-0.014564270967420077
tau55,4,3,Ti,1.9704740092059712,1.9705701892307073,11.341092106075177,6.941978535471916e-05,-0.0002028600394254571,-0.003316208857426547
tau55,4,4,Ti,3.940689450729779,3.9408884738449808,17.187728428126785,0.0005083070949862213,9.744480981273541e-05,0.009767878020041242
tau55,4,5,O,8.32133644060984e-06,1.9705015673776876,11.483948687785112,-2.1854376870930105e-05,-0.00012341295174172294,-0.0038669391545739853
tau55,4,6,O,1.9706515855788143,3.31968106127167e-06,17.327268730834966,-0.0003828372607154697,-4.62798569031461e-06,-0.002312193072944405
tau55,4,7,O,1.970493301890777,3.94093335308528,11.483929360544506,-3.0596127619302146e-05,2.1597266554801516e-05,-0.0037643521384386784
tau55,4,8,O,0.00010231569556457353,1.9704777210282927,17.32814057164774,0.0001491239833545819,-2.2625707819315873e-05,-0.006033864898905737
tau55,4,9,O,1.970437737829286,1.9703955657022252,9.524618774692897,0.0001267553858513946,0.00033578607286393784,0.000901171658030706
tau55,4,10,O,6.25906436645775e-05,3.9409038868827633,15.371360447568753,-0.00014706710082555317,6.916267503859056e-05,0.011142646880380809
tau55,5,1,Sr,3.089339324303898e-05,9.146351503812954e-05,9.891849083998611,-0.00010181568518692143,-9.564503759983528e-05,0.00765031745640618
tau55,5,2,Sr,1.9703708465513017,1.9704566610193577,15.735350501172663,-5.759271081280404e-05,-8.073263926437708e-05,-0.011333165624632094
tau55,5,3,Ti,1.9704747249353995,1.9705679409897952,11.34107680234838,2.9824796670916375e-05,-0.00010772922245787898,-0.0038918788552384587
tau55,5,4,Ti,3.9406962066436146,3.940889745779254,17.187892414112778,0.0004028918653734997,7.07053369353621e-05,0.009509739262648137
tau55,5,5,O,7.999147366038544e-06,1.9704998348736806,11.483877159351485,-3.5995444258002527e-06,-0.00010438678834820733,-0.003186882368413866
tau55,5,6,O,1.9706461232483417,3.1522586682695575e-06,17.327223354055967,-0.0003239589983220227,-3.111034825155933e-05,-0.0010248417200885577
tau55,5,7,O,1.9704929320235445,3.9409335577086106,11.483858974837062,-2.6482362561244714e-05,8.741750748372042e-06,-0.0031305752091817054
tau55,5,8,O,0.0001048928231644915,1.9704770168217585,17.32804456204838,9.795903044499258e-05,-4.962229101281777e-05,-0.004490945891818072
tau55,5,9,O,1.970439484200447,1.9704003042128753,9.524606409944608,0.0001313833715417092,0.00031830257136719375,0.00031675990947042227
tau55,5,10,O,6.0603433577378775e-05,3.940904862920961,15.371540702972752,-0.0001488668730384533,7.121955756761928e-05,0.009581473040848016
tau55,6,1,Sr,2.8831584678188577e-05,9.016419035740538e-05,9.892029136629743,-9.950169234176413e-05,-0.00010335834708369294,0.007000085466916977
tau55,6,2,Sr,1.970368926418396,1.9704550878591391,15.735124470873323,-6.222069650311866e-05,-8.124685989663426e-05,-0.008700613097791467
tau55,6,3,Ti,1.9704754734119516,1.9705654317906902,11.341046085937966,2.853924509027343e-05,-0.0001046438986643359,-0.005369491842029463
tau55,6,4,Ti,3.940704066675356,3.9408912153450286,17.18808140156777,0.0004409441921605309,8.073263926437708e-05,0.007527161614980584
tau55,6,5,O,7.667986443031796e-06,1.9704978043888728,11.48379890986396,-1.3626846754815243e-05,-0.0001072150018256218,-0.002696830105872775
tau55,6,6,O,1.9706398225594755,2.883155091392974e-06,17.327178053369188,-0.0003067326071414072,-2.1340156238672925e-05,-7.379066072890518e-05
tau55,6,7,O,1.9704924583333316,3.9409337631365746,11.483781998932873,-2.879635540640202e-05,2.1597266554801516e-05,-0.0026487504767567288
tau55,6,8,O,0.00010766444086787395,1.9704761840218452,17.327938602350994,5.039362196120353e-05,-4.936518069668917e-05,-0.0032850985091749875
tau55,6,9,O,1.9704416023835956,1.9704059377935048,9.524596660666019,0.0001293264890126805,0.00029876218734142096,0.0018704775498354885
tau55,6,10,O,5.8192605904588256e-05,3.9409060684188955,15.371744645192564,-0.0001385824603933097,6.607735124504749e-05,0.006376335839989019
